task,person,occasion,unit,unit_type,value
color_shapes,305,1,1,half,0.5
color_shapes,305,1,2,half,0.3333333333333333
color_shapes,305,2,1,half,0.5
color_shapes,305,2,2,half,0.6666666666666666
color_shapes,305,3,1,half,0.5
color_shapes,305,3,2,half,0.3333333333333333
color_shapes,306,1,1,half,0
color_shapes,306,1,2,half,0.3333333333333333
color_shapes,306,2,1,half,0.5
color_shapes,306,2,2,half,0
color_shapes,306,3,1,half,1
color_shapes,306,3,2,half,1
color_shapes,308,1,1,half,0.6666666666666666
color_shapes,308,1,2,half,1
color_shapes,308,2,1,half,1
color_shapes,308,2,2,half,0.16666666666666669
color_shapes,308,3,1,half,0.6666666666666667
color_shapes,308,3,2,half,1
color_shapes,309,1,1,half,1
color_shapes,309,1,2,half,1
color_shapes,309,2,1,half,0.3333333333333333
color_shapes,309,2,2,half,0
color_shapes,312,1,1,half,-0.25
color_shapes,312,1,2,half,0.25
color_shapes,312,2,1,half,0.3333333333333333
color_shapes,312,2,2,half,1
color_shapes,312,3,1,half,1
color_shapes,312,3,2,half,0.6666666666666666
color_shapes,313,1,1,half,0.5
color_shapes,313,1,2,half,0.6666666666666666
color_shapes,313,2,1,half,-0.16666666666666669
color_shapes,313,2,2,half,0.16666666666666669
color_shapes,313,3,1,half,0.16666666666666669
color_shapes,313,3,2,half,-0.16666666666666669
color_shapes,314,1,1,half,-0.6666666666666666
color_shapes,314,1,2,half,0.6666666666666666
color_shapes,314,2,1,half,0.5
color_shapes,314,2,2,half,1
color_shapes,314,3,1,half,0.16666666666666669
color_shapes,314,3,2,half,0.3333333333333333
color_shapes,315,1,1,half,1
color_shapes,315,1,2,half,0.16666666666666669
color_shapes,315,2,1,half,0
color_shapes,315,2,2,half,0.6666666666666667
color_shapes,315,3,1,half,0.16666666666666663
color_shapes,315,3,2,half,0.5
color_shapes,316,1,1,half,-0.25
color_shapes,316,1,2,half,1
color_shapes,316,2,1,half,1
color_shapes,316,2,2,half,0.6666666666666666
color_shapes,316,3,1,half,1
color_shapes,316,3,2,half,0.6666666666666666
color_shapes,317,1,1,half,0.5
color_shapes,317,1,2,half,-0.25
color_shapes,317,2,1,half,0.25
color_shapes,317,2,2,half,-0.25
color_shapes,317,3,1,half,0.16666666666666663
color_shapes,317,3,2,half,0
color_shapes,318,1,1,half,0.5
color_shapes,318,1,2,half,-0.3333333333333333
color_shapes,318,2,1,half,1
color_shapes,318,2,2,half,1
color_shapes,318,3,1,half,0
color_shapes,318,3,2,half,1
color_shapes,319,1,1,half,-0.6666666666666666
color_shapes,319,1,2,half,0.5
color_shapes,319,2,1,half,0.3333333333333333
color_shapes,319,2,2,half,0.5
color_shapes,319,3,1,half,0
color_shapes,319,3,2,half,0.5
color_shapes,320,1,1,half,0.3333333333333333
color_shapes,320,1,2,half,1
color_shapes,320,2,1,half,-0.16666666666666669
color_shapes,320,2,2,half,1
color_shapes,320,3,1,half,0.3333333333333333
color_shapes,320,3,2,half,0
color_shapes,321,1,1,half,0.3333333333333333
color_shapes,321,1,2,half,0.6666666666666667
color_shapes,321,2,1,half,-0.3333333333333333
color_shapes,321,2,2,half,0.3333333333333333
color_shapes,321,3,1,half,0
color_shapes,321,3,2,half,-0.6666666666666667
color_shapes,322,1,1,half,0.6666666666666667
color_shapes,322,1,2,half,0.6666666666666666
color_shapes,322,2,1,half,1
color_shapes,322,2,2,half,1
color_shapes,322,3,1,half,1
color_shapes,322,3,2,half,0
color_shapes,323,1,1,half,0.6666666666666666
color_shapes,323,1,2,half,0.5
color_shapes,323,2,1,half,0
color_shapes,323,2,2,half,0.3333333333333333
color_shapes,323,3,1,half,0
color_shapes,323,3,2,half,0.5
color_shapes,324,1,1,half,1
color_shapes,324,1,2,half,0.75
color_shapes,324,2,1,half,0
color_shapes,324,2,2,half,0.3333333333333333
color_shapes,324,3,1,half,0.5
color_shapes,324,3,2,half,1
color_shapes,325,1,1,half,1
color_shapes,325,1,2,half,1
color_shapes,325,2,1,half,0
color_shapes,325,2,2,half,0.3333333333333333
color_shapes,325,3,1,half,1
color_shapes,325,3,2,half,0.16666666666666669
color_shapes,326,1,1,half,0.16666666666666669
color_shapes,326,1,2,half,0.5
color_shapes,326,2,1,half,0.16666666666666669
color_shapes,326,2,2,half,0.16666666666666663
color_shapes,326,3,1,half,0.6666666666666666
color_shapes,326,3,2,half,1
color_shapes,327,1,1,half,0
color_shapes,327,1,2,half,0.5
color_shapes,327,2,1,half,0.6666666666666666
color_shapes,327,2,2,half,0
color_shapes,327,3,1,half,0.6666666666666666
color_shapes,327,3,2,half,1
color_shapes,328,1,1,half,0.5
color_shapes,328,1,2,half,0.16666666666666663
color_shapes,328,2,1,half,0.6666666666666666
color_shapes,328,2,2,half,0.16666666666666669
color_shapes,328,3,1,half,0
color_shapes,328,3,2,half,0.6666666666666667
color_shapes,329,1,1,half,0.3333333333333333
color_shapes,329,1,2,half,-0.16666666666666663
color_shapes,329,2,1,half,0.25
color_shapes,329,2,2,half,-0.25
color_shapes,329,3,1,half,-0.5
color_shapes,329,3,2,half,-0.5
color_shapes,330,1,1,half,0.16666666666666669
color_shapes,330,1,2,half,0.16666666666666663
color_shapes,330,2,1,half,1
color_shapes,330,2,2,half,0
color_shapes,330,3,1,half,0.6666666666666666
color_shapes,330,3,2,half,1
color_shapes,331,1,1,half,1
color_shapes,331,1,2,half,0.6666666666666667
color_shapes,331,2,1,half,1
color_shapes,331,2,2,half,1
color_shapes,331,3,1,half,0.3333333333333333
color_shapes,331,3,2,half,0.16666666666666669
color_shapes,332,1,1,half,0
color_shapes,332,1,2,half,0.6666666666666666
color_shapes,332,2,1,half,0
color_shapes,332,2,2,half,0
color_shapes,332,3,1,half,0
color_shapes,332,3,2,half,0.5
color_shapes,333,1,1,half,-0.5
color_shapes,333,1,2,half,0
color_shapes,333,2,1,half,0.75
color_shapes,333,2,2,half,0
color_shapes,333,3,1,half,0.5
color_shapes,333,3,2,half,0
color_shapes,334,1,1,half,-0.5
color_shapes,334,1,2,half,0.75
color_shapes,334,2,1,half,0.75
color_shapes,334,2,2,half,0.75
color_shapes,334,3,1,half,0.6666666666666667
color_shapes,334,3,2,half,0.16666666666666663
color_shapes,335,1,1,half,0
color_shapes,335,1,2,half,0.3333333333333333
color_shapes,335,2,1,half,0
color_shapes,335,2,2,half,0.5
color_shapes,335,3,1,half,0.6666666666666666
color_shapes,335,3,2,half,0.5
color_shapes,336,1,1,half,0.5
color_shapes,336,1,2,half,1
color_shapes,336,2,1,half,0
color_shapes,336,2,2,half,0.25
color_shapes,336,3,1,half,0.6666666666666666
color_shapes,336,3,2,half,1
color_shapes,337,1,1,half,0.5
color_shapes,337,1,2,half,0.3333333333333333
color_shapes,337,2,1,half,0
color_shapes,337,2,2,half,0
color_shapes,337,3,1,half,0.16666666666666663
color_shapes,337,3,2,half,0
color_shapes,338,1,1,half,0.16666666666666669
color_shapes,338,1,2,half,0.3333333333333333
color_shapes,338,2,1,half,0.16666666666666663
color_shapes,338,2,2,half,1
color_shapes,338,3,1,half,1
color_shapes,338,3,2,half,0.5
color_shapes,339,1,1,half,1
color_shapes,339,1,2,half,1
color_shapes,339,2,1,half,1
color_shapes,339,2,2,half,0.75
color_shapes,339,3,1,half,1
color_shapes,339,3,2,half,0.5
color_shapes,340,1,1,half,0
color_shapes,340,1,2,half,0.16666666666666669
color_shapes,340,2,1,half,-0.5
color_shapes,340,2,2,half,0
color_shapes,340,3,1,half,-0.16666666666666669
color_shapes,340,3,2,half,0
color_shapes,341,1,1,half,0.16666666666666669
color_shapes,341,1,2,half,-0.16666666666666669
color_shapes,341,2,1,half,-0.5
color_shapes,341,2,2,half,-0.3333333333333333
color_shapes,341,3,1,half,0.5
color_shapes,341,3,2,half,-0.5
color_shapes,342,1,1,half,-0.25
color_shapes,342,1,2,half,1
color_shapes,342,2,1,half,1
color_shapes,342,2,2,half,0
color_shapes,342,3,1,half,0.5
color_shapes,342,3,2,half,0
color_shapes,343,1,1,half,0.5
color_shapes,343,1,2,half,-0.16666666666666669
color_shapes,343,2,1,half,-0.3333333333333333
color_shapes,343,2,2,half,0.6666666666666666
color_shapes,343,3,1,half,0.6666666666666666
color_shapes,343,3,2,half,0.5
color_shapes,346,1,1,half,0.6666666666666666
color_shapes,346,1,2,half,0.5
color_shapes,346,2,1,half,0.5
color_shapes,346,2,2,half,0
color_shapes,346,3,1,half,0.6666666666666666
color_shapes,346,3,2,half,1
color_shapes,347,1,1,half,1
color_shapes,347,1,2,half,0.5
color_shapes,347,2,1,half,0.5
color_shapes,347,2,2,half,-0.5
color_shapes,347,3,1,half,0
color_shapes,347,3,2,half,0.5
color_shapes,348,1,1,half,0.3333333333333333
color_shapes,348,1,2,half,0.5
color_shapes,348,2,1,half,1
color_shapes,348,2,2,half,1
color_shapes,348,3,1,half,1
color_shapes,348,3,2,half,1
color_shapes,349,1,1,half,1
color_shapes,349,1,2,half,0.75
color_shapes,349,2,1,half,1
color_shapes,349,2,2,half,1
color_shapes,349,3,1,half,0.5
color_shapes,349,3,2,half,0.6666666666666666
color_shapes,351,1,1,half,0.3333333333333333
color_shapes,351,1,2,half,0.6666666666666667
color_shapes,351,2,1,half,1
color_shapes,351,2,2,half,1
color_shapes,351,3,1,half,1
color_shapes,351,3,2,half,0.75
color_shapes,352,1,1,half,0
color_shapes,352,1,2,half,1
color_shapes,352,2,1,half,1
color_shapes,352,2,2,half,1
color_shapes,352,3,1,half,1
color_shapes,352,3,2,half,0.5
color_shapes,353,1,1,half,0.75
color_shapes,353,1,2,half,0
color_shapes,353,2,1,half,0.6666666666666666
color_shapes,353,2,2,half,0
color_shapes,353,3,1,half,-0.3333333333333333
color_shapes,353,3,2,half,0.3333333333333333
color_shapes,354,1,1,half,0.5
color_shapes,354,1,2,half,1
color_shapes,354,2,1,half,0.16666666666666669
color_shapes,354,2,2,half,0.5
color_shapes,354,3,1,half,1
color_shapes,354,3,2,half,1
color_shapes,355,1,1,half,-0.5
color_shapes,355,1,2,half,0.5
color_shapes,355,2,1,half,0.6666666666666667
color_shapes,355,2,2,half,1
color_shapes,355,3,1,half,1
color_shapes,355,3,2,half,0.6666666666666666
color_shapes,356,1,1,half,0.6666666666666666
color_shapes,356,1,2,half,0.6666666666666667
color_shapes,356,2,1,half,1
color_shapes,356,2,2,half,1
color_shapes,356,3,1,half,1
color_shapes,356,3,2,half,0.6666666666666667
color_shapes,357,1,1,half,0.16666666666666669
color_shapes,357,1,2,half,0.6666666666666666
color_shapes,357,2,1,half,1
color_shapes,357,2,2,half,1
color_shapes,357,3,1,half,0.6666666666666666
color_shapes,357,3,2,half,0.6666666666666667
color_shapes,358,1,1,half,0.5
color_shapes,358,1,2,half,1
color_shapes,358,2,1,half,1
color_shapes,358,2,2,half,0.3333333333333333
color_shapes,358,3,1,half,0.6666666666666667
color_shapes,358,3,2,half,0.6666666666666666
color_shapes,359,1,1,half,0.75
color_shapes,359,1,2,half,1
color_shapes,359,2,1,half,0
color_shapes,359,2,2,half,0.5
color_shapes,359,3,1,half,0.5
color_shapes,359,3,2,half,0.3333333333333333
color_shapes,360,1,1,half,-0.3333333333333333
color_shapes,360,1,2,half,0.5
color_shapes,360,2,1,half,-0.33333333333333337
color_shapes,360,2,2,half,0.5
color_shapes,360,3,1,half,0.16666666666666663
color_shapes,360,3,2,half,1
color_shapes,361,1,1,half,0.5
color_shapes,361,1,2,half,-0.25
color_shapes,361,2,1,half,0
color_shapes,361,2,2,half,0.25
color_shapes,361,3,1,half,0.5
color_shapes,361,3,2,half,0.6666666666666666
color_shapes,362,1,1,half,0.6666666666666667
color_shapes,362,1,2,half,1
color_shapes,362,2,1,half,1
color_shapes,362,2,2,half,1
color_shapes,362,3,1,half,1
color_shapes,362,3,2,half,1
dot_memory,305,1,1,trial,3.3333333333333335
dot_memory,305,1,2,trial,5
dot_memory,305,1,3,trial,0
dot_memory,305,2,1,trial,1.6666666666666667
dot_memory,305,2,2,trial,5
dot_memory,305,2,3,trial,3.3333333333333335
dot_memory,305,3,1,trial,3.3333333333333335
dot_memory,305,3,2,trial,0
dot_memory,305,3,3,trial,3.3333333333333335
dot_memory,306,1,1,trial,0
dot_memory,306,1,2,trial,5
dot_memory,306,1,3,trial,1.6666666666666667
dot_memory,306,2,1,trial,2.3570226039551585
dot_memory,306,2,2,trial,4.0236892706218255
dot_memory,306,2,3,trial,3.3333333333333335
dot_memory,306,3,1,trial,3.3333333333333335
dot_memory,306,3,2,trial,5
dot_memory,306,3,3,trial,0
dot_memory,308,1,1,trial,0
dot_memory,308,1,2,trial,0
dot_memory,308,1,3,trial,0
dot_memory,308,2,1,trial,3.3333333333333335
dot_memory,308,2,2,trial,3.3333333333333335
dot_memory,308,2,3,trial,0
dot_memory,308,3,1,trial,0
dot_memory,308,3,2,trial,3.3333333333333335
dot_memory,308,3,3,trial,0
dot_memory,309,1,1,trial,2.3570226039551585
dot_memory,309,1,2,trial,5.393446629166316
dot_memory,309,1,3,trial,1.6666666666666667
dot_memory,309,2,1,trial,3.3333333333333335
dot_memory,309,2,2,trial,3.3333333333333335
dot_memory,309,2,3,trial,2.3570226039551585
dot_memory,312,1,1,trial,1.6666666666666667
dot_memory,312,1,2,trial,1.6666666666666667
dot_memory,312,1,3,trial,5.6903559372884915
dot_memory,312,2,1,trial,2.3570226039551585
dot_memory,312,2,2,trial,0
dot_memory,312,2,3,trial,5
dot_memory,312,3,1,trial,0
dot_memory,312,3,2,trial,1.6666666666666667
dot_memory,312,3,3,trial,0
dot_memory,313,1,1,trial,3.72677996249965
dot_memory,313,1,2,trial,7.3570226039551585
dot_memory,313,1,3,trial,7.060113295832983
dot_memory,313,2,1,trial,2.3570226039551585
dot_memory,313,2,2,trial,7.3570226039551585
dot_memory,313,2,3,trial,9.41713589978814
dot_memory,313,3,1,trial,6.937129433613966
dot_memory,313,3,2,trial,10.393446629166316
dot_memory,313,3,3,trial,4.0236892706218255
dot_memory,314,1,1,trial,7.750469233121475
dot_memory,314,1,2,trial,0
dot_memory,314,1,3,trial,6.666666666666667
dot_memory,314,2,1,trial,0
dot_memory,314,2,2,trial,6.666666666666667
dot_memory,314,2,3,trial,0
dot_memory,314,3,1,trial,3.3333333333333335
dot_memory,314,3,2,trial,6.666666666666667
dot_memory,314,3,3,trial,0
dot_memory,315,1,1,trial,0
dot_memory,315,1,2,trial,3.3333333333333335
dot_memory,315,1,3,trial,6.380711874576984
dot_memory,315,2,1,trial,4.0236892706218255
dot_memory,315,2,2,trial,1.6666666666666667
dot_memory,315,2,3,trial,8.440825170409967
dot_memory,315,3,1,trial,0
dot_memory,315,3,2,trial,1.6666666666666667
dot_memory,315,3,3,trial,7.060113295832983
dot_memory,316,1,1,trial,0
dot_memory,316,1,2,trial,0
dot_memory,316,1,3,trial,0
dot_memory,316,2,1,trial,0
dot_memory,316,2,2,trial,2.3570226039551585
dot_memory,316,2,3,trial,0
dot_memory,316,3,1,trial,0
dot_memory,316,3,2,trial,0
dot_memory,316,3,3,trial,1.6666666666666667
dot_memory,317,1,1,trial,5
dot_memory,317,1,2,trial,3.3333333333333335
dot_memory,317,1,3,trial,4.714045207910317
dot_memory,317,2,1,trial,6.666666666666667
dot_memory,317,2,2,trial,5.6903559372884915
dot_memory,317,2,3,trial,6.666666666666667
dot_memory,317,3,1,trial,5
dot_memory,317,3,2,trial,7.750469233121475
dot_memory,317,3,3,trial,9.294152037569123
dot_memory,318,1,1,trial,0
dot_memory,318,1,2,trial,1.6666666666666667
dot_memory,318,1,3,trial,0
dot_memory,318,2,1,trial,1.6666666666666667
dot_memory,318,2,2,trial,0
dot_memory,318,2,3,trial,0
dot_memory,318,3,1,trial,0
dot_memory,318,3,2,trial,0
dot_memory,318,3,3,trial,0
dot_memory,319,1,1,trial,1.6666666666666667
dot_memory,319,1,2,trial,5
dot_memory,319,1,3,trial,0
dot_memory,319,2,1,trial,3.3333333333333335
dot_memory,319,2,2,trial,10.2704627669473
dot_memory,319,2,3,trial,5.6903559372884915
dot_memory,319,3,1,trial,7.750469233121475
dot_memory,319,3,2,trial,1.6666666666666667
dot_memory,319,3,3,trial,0
dot_memory,320,1,1,trial,0
dot_memory,320,1,2,trial,3.3333333333333335
dot_memory,320,1,3,trial,0
dot_memory,320,2,1,trial,0
dot_memory,320,2,2,trial,1.6666666666666667
dot_memory,320,2,3,trial,3.3333333333333335
dot_memory,320,3,1,trial,0
dot_memory,320,3,2,trial,6.666666666666667
dot_memory,320,3,3,trial,4.0236892706218255
dot_memory,321,1,1,trial,5
dot_memory,321,1,2,trial,3.3333333333333335
dot_memory,321,1,3,trial,3.3333333333333335
dot_memory,321,2,1,trial,1.6666666666666667
dot_memory,321,2,2,trial,0
dot_memory,321,2,3,trial,1.6666666666666667
dot_memory,321,3,1,trial,1.6666666666666667
dot_memory,321,3,2,trial,1.6666666666666667
dot_memory,321,3,3,trial,1.6666666666666667
dot_memory,322,1,1,trial,3.3333333333333335
dot_memory,322,1,2,trial,1.6666666666666667
dot_memory,322,1,3,trial,2.3570226039551585
dot_memory,322,2,1,trial,2.3570226039551585
dot_memory,322,2,2,trial,6.380711874576984
dot_memory,322,2,3,trial,7.3570226039551585
dot_memory,322,3,1,trial,2.3570226039551585
dot_memory,322,3,2,trial,4.0236892706218255
dot_memory,322,3,3,trial,1.6666666666666667
dot_memory,323,1,1,trial,3.3333333333333335
dot_memory,323,1,2,trial,0
dot_memory,323,1,3,trial,4.0236892706218255
dot_memory,323,2,1,trial,4.0236892706218255
dot_memory,323,2,2,trial,6.666666666666667
dot_memory,323,2,3,trial,3.72677996249965
dot_memory,323,3,1,trial,0
dot_memory,323,3,2,trial,0
dot_memory,323,3,3,trial,5
dot_memory,324,1,1,trial,4.0236892706218255
dot_memory,324,1,2,trial,3.3333333333333335
dot_memory,324,1,3,trial,0
dot_memory,324,2,1,trial,5
dot_memory,324,2,2,trial,4.0236892706218255
dot_memory,324,2,3,trial,3.3333333333333335
dot_memory,324,3,1,trial,4.0236892706218255
dot_memory,324,3,2,trial,4.0236892706218255
dot_memory,324,3,3,trial,1.6666666666666667
dot_memory,325,1,1,trial,1.6666666666666667
dot_memory,325,1,2,trial,1.6666666666666667
dot_memory,325,1,3,trial,2.3570226039551585
dot_memory,325,2,1,trial,1.6666666666666667
dot_memory,325,2,2,trial,0
dot_memory,325,2,3,trial,1.6666666666666667
dot_memory,325,3,1,trial,1.6666666666666667
dot_memory,325,3,2,trial,3.3333333333333335
dot_memory,325,3,3,trial,0
dot_memory,326,1,1,trial,3.3333333333333335
dot_memory,326,1,2,trial,3.3333333333333335
dot_memory,326,1,3,trial,0
dot_memory,326,2,1,trial,1.6666666666666667
dot_memory,326,2,2,trial,0
dot_memory,326,2,3,trial,0
dot_memory,326,3,1,trial,5
dot_memory,326,3,2,trial,1.6666666666666667
dot_memory,326,3,3,trial,1.6666666666666667
dot_memory,327,1,1,trial,5.393446629166316
dot_memory,327,1,2,trial,0
dot_memory,327,1,3,trial,3.3333333333333335
dot_memory,327,2,1,trial,6.666666666666667
dot_memory,327,2,2,trial,2.3570226039551585
dot_memory,327,2,3,trial,6.666666666666667
dot_memory,327,3,1,trial,3.3333333333333335
dot_memory,327,3,2,trial,8.440825170409967
dot_memory,327,3,3,trial,4.0236892706218255
dot_memory,328,1,1,trial,0
dot_memory,328,1,2,trial,5.6903559372884915
dot_memory,328,1,3,trial,4.0236892706218255
dot_memory,328,2,1,trial,7.3570226039551585
dot_memory,328,2,2,trial,3.3333333333333335
dot_memory,328,2,3,trial,5
dot_memory,328,3,1,trial,6.083802566454808
dot_memory,328,3,2,trial,0
dot_memory,328,3,3,trial,5.6903559372884915
dot_memory,329,1,1,trial,6.380711874576984
dot_memory,329,1,2,trial,5.6903559372884915
dot_memory,329,1,3,trial,8.333333333333334
dot_memory,329,2,1,trial,6.937129433613966
dot_memory,329,2,2,trial,7.0710678118654755
dot_memory,329,2,3,trial,8.333333333333334
dot_memory,329,3,1,trial,9.34258545910665
dot_memory,329,3,2,trial,1.6666666666666667
dot_memory,329,3,3,trial,9.714045207910315
dot_memory,330,1,1,trial,0
dot_memory,330,1,2,trial,5
dot_memory,330,1,3,trial,0
dot_memory,330,2,1,trial,3.3333333333333335
dot_memory,330,2,2,trial,6.666666666666667
dot_memory,330,2,3,trial,0
dot_memory,330,3,1,trial,0
dot_memory,330,3,2,trial,4.714045207910317
dot_memory,330,3,3,trial,0
dot_memory,331,1,1,trial,7.060113295832983
dot_memory,331,1,2,trial,5
dot_memory,331,1,3,trial,9.41713589978814
dot_memory,331,2,1,trial,5.6903559372884915
dot_memory,331,2,2,trial,3.3333333333333335
dot_memory,331,2,3,trial,4.0236892706218255
dot_memory,331,3,1,trial,0
dot_memory,331,3,2,trial,2.3570226039551585
dot_memory,331,3,3,trial,5
dot_memory,332,1,1,trial,5.393446629166316
dot_memory,332,1,2,trial,2.3570226039551585
dot_memory,332,1,3,trial,1.6666666666666667
dot_memory,332,2,1,trial,1.6666666666666667
dot_memory,332,2,2,trial,4.714045207910317
dot_memory,332,2,3,trial,1.6666666666666667
dot_memory,332,3,1,trial,8.333333333333334
dot_memory,332,3,2,trial,3.3333333333333335
dot_memory,332,3,3,trial,7.3570226039551585
dot_memory,333,1,1,trial,1.6666666666666667
dot_memory,333,1,2,trial,1.6666666666666667
dot_memory,333,1,3,trial,0
dot_memory,333,2,1,trial,1.6666666666666667
dot_memory,333,2,2,trial,0
dot_memory,333,2,3,trial,1.6666666666666667
dot_memory,333,3,1,trial,0
dot_memory,333,3,2,trial,5
dot_memory,333,3,3,trial,0
dot_memory,334,1,1,trial,1.6666666666666667
dot_memory,334,1,2,trial,1.6666666666666667
dot_memory,334,1,3,trial,3.3333333333333335
dot_memory,334,2,1,trial,0
dot_memory,334,2,2,trial,1.6666666666666667
dot_memory,334,2,3,trial,0
dot_memory,334,3,1,trial,0
dot_memory,334,3,2,trial,0
dot_memory,334,3,3,trial,3.3333333333333335
dot_memory,335,1,1,trial,2.3570226039551585
dot_memory,335,1,2,trial,3.3333333333333335
dot_memory,335,1,3,trial,3.3333333333333335
dot_memory,335,2,1,trial,1.6666666666666667
dot_memory,335,2,2,trial,0
dot_memory,335,2,3,trial,1.6666666666666667
dot_memory,335,3,1,trial,0
dot_memory,335,3,2,trial,0
dot_memory,335,3,3,trial,0
dot_memory,336,1,1,trial,0
dot_memory,336,1,2,trial,0
dot_memory,336,1,3,trial,5
dot_memory,336,2,1,trial,0
dot_memory,336,2,2,trial,3.3333333333333335
dot_memory,336,2,3,trial,3.3333333333333335
dot_memory,336,3,1,trial,0
dot_memory,336,3,2,trial,3.3333333333333335
dot_memory,336,3,3,trial,0
dot_memory,337,1,1,trial,5
dot_memory,337,1,2,trial,7.060113295832983
dot_memory,337,1,3,trial,0
dot_memory,337,2,1,trial,7.3570226039551585
dot_memory,337,2,2,trial,3.3333333333333335
dot_memory,337,2,3,trial,3.3333333333333335
dot_memory,337,3,1,trial,3.3333333333333335
dot_memory,337,3,2,trial,3.3333333333333335
dot_memory,337,3,3,trial,0
dot_memory,338,1,1,trial,3.3333333333333335
dot_memory,338,1,2,trial,5.6903559372884915
dot_memory,338,1,3,trial,4.0236892706218255
dot_memory,338,2,1,trial,3.72677996249965
dot_memory,338,2,2,trial,5.6903559372884915
dot_memory,338,2,3,trial,7.4535599249993
dot_memory,338,3,1,trial,3.3333333333333335
dot_memory,338,3,2,trial,6.666666666666667
dot_memory,338,3,3,trial,2.3570226039551585
dot_memory,339,1,1,trial,0
dot_memory,339,1,2,trial,5
dot_memory,339,1,3,trial,7.060113295832983
dot_memory,339,2,1,trial,3.3333333333333335
dot_memory,339,2,2,trial,3.3333333333333335
dot_memory,339,2,3,trial,2.3570226039551585
dot_memory,339,3,1,trial,5
dot_memory,339,3,2,trial,3.3333333333333335
dot_memory,339,3,3,trial,1.6666666666666667
dot_memory,340,1,1,trial,3.3333333333333335
dot_memory,340,1,2,trial,9.023689270621825
dot_memory,340,1,3,trial,7.3570226039551585
dot_memory,340,2,1,trial,1.6666666666666667
dot_memory,340,2,2,trial,7.060113295832983
dot_memory,340,2,3,trial,6.380711874576984
dot_memory,340,3,1,trial,0
dot_memory,340,3,2,trial,3.3333333333333335
dot_memory,340,3,3,trial,1.6666666666666667
dot_memory,341,1,1,trial,3.3333333333333335
dot_memory,341,1,2,trial,5
dot_memory,341,1,3,trial,6.666666666666667
dot_memory,341,2,1,trial,4.714045207910317
dot_memory,341,2,2,trial,11.666666666666666
dot_memory,341,2,3,trial,3.3333333333333335
dot_memory,341,3,1,trial,5.6903559372884915
dot_memory,341,3,2,trial,6.666666666666667
dot_memory,341,3,3,trial,5
dot_memory,342,1,1,trial,5.393446629166316
dot_memory,342,1,2,trial,0
dot_memory,342,1,3,trial,4.0236892706218255
dot_memory,342,2,1,trial,5
dot_memory,342,2,2,trial,5.6903559372884915
dot_memory,342,2,3,trial,5.6903559372884915
dot_memory,342,3,1,trial,3.3333333333333335
dot_memory,342,3,2,trial,5.6903559372884915
dot_memory,342,3,3,trial,5
dot_memory,343,1,1,trial,0
dot_memory,343,1,2,trial,9.41713589978814
dot_memory,343,1,3,trial,4.0236892706218255
dot_memory,343,2,1,trial,1.6666666666666667
dot_memory,343,2,2,trial,5.393446629166316
dot_memory,343,2,3,trial,4.0236892706218255
dot_memory,343,3,1,trial,3.3333333333333335
dot_memory,343,3,2,trial,5.6903559372884915
dot_memory,343,3,3,trial,7.060113295832983
dot_memory,346,1,1,trial,5.6903559372884915
dot_memory,346,1,2,trial,5
dot_memory,346,1,3,trial,8.333333333333334
dot_memory,346,2,1,trial,2.3570226039551585
dot_memory,346,2,2,trial,4.0236892706218255
dot_memory,346,2,3,trial,1.6666666666666667
dot_memory,346,3,1,trial,0
dot_memory,346,3,2,trial,1.6666666666666667
dot_memory,346,3,3,trial,5
dot_memory,347,1,1,trial,5
dot_memory,347,1,2,trial,8.72677996249965
dot_memory,347,1,3,trial,3.3333333333333335
dot_memory,347,2,1,trial,4.0236892706218255
dot_memory,347,2,2,trial,0
dot_memory,347,2,3,trial,1.6666666666666667
dot_memory,347,3,1,trial,5
dot_memory,347,3,2,trial,0
dot_memory,347,3,3,trial,1.6666666666666667
dot_memory,348,1,1,trial,1.6666666666666667
dot_memory,348,1,2,trial,0
dot_memory,348,1,3,trial,0
dot_memory,348,2,1,trial,0
dot_memory,348,2,2,trial,0
dot_memory,348,2,3,trial,3.3333333333333335
dot_memory,348,3,1,trial,1.6666666666666667
dot_memory,348,3,2,trial,0
dot_memory,348,3,3,trial,4.0236892706218255
dot_memory,349,1,1,trial,4.0236892706218255
dot_memory,349,1,2,trial,6.380711874576984
dot_memory,349,1,3,trial,4.0236892706218255
dot_memory,349,2,1,trial,5
dot_memory,349,2,2,trial,4.0236892706218255
dot_memory,349,2,3,trial,4.0236892706218255
dot_memory,349,3,1,trial,5.6903559372884915
dot_memory,349,3,2,trial,6.380711874576984
dot_memory,349,3,3,trial,5
dot_memory,351,1,1,trial,5.6903559372884915
dot_memory,351,1,2,trial,5.6903559372884915
dot_memory,351,1,3,trial,0
dot_memory,351,2,1,trial,1.6666666666666667
dot_memory,351,2,2,trial,5
dot_memory,351,2,3,trial,3.3333333333333335
dot_memory,351,3,1,trial,2.3570226039551585
dot_memory,351,3,2,trial,5
dot_memory,351,3,3,trial,0
dot_memory,352,1,1,trial,5
dot_memory,352,1,2,trial,1.6666666666666667
dot_memory,352,1,3,trial,5
dot_memory,352,2,1,trial,0
dot_memory,352,2,2,trial,0
dot_memory,352,2,3,trial,5
dot_memory,352,3,1,trial,1.6666666666666667
dot_memory,352,3,2,trial,0
dot_memory,352,3,3,trial,0
dot_memory,353,1,1,trial,5.6903559372884915
dot_memory,353,1,2,trial,1.6666666666666667
dot_memory,353,1,3,trial,6.380711874576984
dot_memory,353,2,1,trial,5
dot_memory,353,2,2,trial,5.6903559372884915
dot_memory,353,2,3,trial,3.3333333333333335
dot_memory,353,3,1,trial,4.0236892706218255
dot_memory,353,3,2,trial,3.3333333333333335
dot_memory,353,3,3,trial,1.6666666666666667
dot_memory,354,1,1,trial,1.6666666666666667
dot_memory,354,1,2,trial,3.3333333333333335
dot_memory,354,1,3,trial,5.393446629166316
dot_memory,354,2,1,trial,8.440825170409967
dot_memory,354,2,2,trial,0
dot_memory,354,2,3,trial,0
dot_memory,354,3,1,trial,0
dot_memory,354,3,2,trial,0
dot_memory,354,3,3,trial,3.3333333333333335
dot_memory,355,1,1,trial,0
dot_memory,355,1,2,trial,0
dot_memory,355,1,3,trial,0
dot_memory,355,2,1,trial,0
dot_memory,355,2,2,trial,0
dot_memory,355,2,3,trial,3.3333333333333335
dot_memory,355,3,1,trial,1.6666666666666667
dot_memory,355,3,2,trial,0
dot_memory,355,3,3,trial,5
dot_memory,356,1,1,trial,5.6903559372884915
dot_memory,356,1,2,trial,4.714045207910317
dot_memory,356,1,3,trial,3.3333333333333335
dot_memory,356,2,1,trial,4.0236892706218255
dot_memory,356,2,2,trial,1.6666666666666667
dot_memory,356,2,3,trial,0
dot_memory,356,3,1,trial,1.6666666666666667
dot_memory,356,3,2,trial,1.6666666666666667
dot_memory,356,3,3,trial,0
dot_memory,357,1,1,trial,1.6666666666666667
dot_memory,357,1,2,trial,0
dot_memory,357,1,3,trial,3.3333333333333335
dot_memory,357,2,1,trial,0
dot_memory,357,2,2,trial,0
dot_memory,357,2,3,trial,1.6666666666666667
dot_memory,357,3,1,trial,2.3570226039551585
dot_memory,357,3,2,trial,0
dot_memory,357,3,3,trial,0
dot_memory,358,1,1,trial,0
dot_memory,358,1,2,trial,5
dot_memory,358,1,3,trial,2.3570226039551585
dot_memory,358,2,1,trial,2.3570226039551585
dot_memory,358,2,2,trial,0
dot_memory,358,2,3,trial,0
dot_memory,358,3,1,trial,0
dot_memory,358,3,2,trial,0
dot_memory,358,3,3,trial,5.6903559372884915
dot_memory,359,1,1,trial,3.72677996249965
dot_memory,359,1,2,trial,6.380711874576984
dot_memory,359,1,3,trial,1.6666666666666667
dot_memory,359,2,1,trial,5
dot_memory,359,2,2,trial,6.380711874576984
dot_memory,359,2,3,trial,7.060113295832983
dot_memory,359,3,1,trial,1.6666666666666667
dot_memory,359,3,2,trial,1.6666666666666667
dot_memory,359,3,3,trial,5
dot_memory,360,1,1,trial,3.72677996249965
dot_memory,360,1,2,trial,7.3570226039551585
dot_memory,360,1,3,trial,0
dot_memory,360,2,1,trial,1.6666666666666667
dot_memory,360,2,2,trial,5.6903559372884915
dot_memory,360,2,3,trial,8.333333333333334
dot_memory,360,3,1,trial,6.380711874576984
dot_memory,360,3,2,trial,4.0236892706218255
dot_memory,360,3,3,trial,6.666666666666667
dot_memory,361,1,1,trial,3.3333333333333335
dot_memory,361,1,2,trial,3.3333333333333335
dot_memory,361,1,3,trial,6.380711874576984
dot_memory,361,2,1,trial,3.3333333333333335
dot_memory,361,2,2,trial,0
dot_memory,361,2,3,trial,1.6666666666666667
dot_memory,361,3,1,trial,2.3570226039551585
dot_memory,361,3,2,trial,6.666666666666667
dot_memory,361,3,3,trial,4.0236892706218255
dot_memory,362,1,1,trial,0
dot_memory,362,1,2,trial,3.3333333333333335
dot_memory,362,1,3,trial,5.393446629166316
dot_memory,362,2,1,trial,2.3570226039551585
dot_memory,362,2,2,trial,5
dot_memory,362,2,3,trial,0
dot_memory,362,3,1,trial,5
dot_memory,362,3,2,trial,1.6666666666666667
dot_memory,362,3,3,trial,0
symbol_search,305,1,1,trial,4011
symbol_search,305,1,2,trial,4858
symbol_search,305,1,4,trial,2873
symbol_search,305,1,5,trial,3537
symbol_search,305,1,6,trial,3100
symbol_search,305,1,7,trial,3799
symbol_search,305,1,8,trial,2672
symbol_search,305,1,9,trial,4540
symbol_search,305,1,10,trial,3592
symbol_search,305,1,11,trial,3688
symbol_search,305,1,12,trial,3825
symbol_search,305,1,13,trial,3349
symbol_search,305,1,14,trial,2336
symbol_search,305,1,15,trial,3454
symbol_search,305,1,16,trial,4908
symbol_search,305,1,17,trial,3321
symbol_search,305,1,18,trial,3839
symbol_search,305,2,1,trial,3388
symbol_search,305,2,2,trial,1544
symbol_search,305,2,3,trial,1880
symbol_search,305,2,4,trial,3082
symbol_search,305,2,5,trial,4588
symbol_search,305,2,6,trial,3630
symbol_search,305,2,7,trial,2854
symbol_search,305,2,8,trial,1751
symbol_search,305,2,9,trial,2531
symbol_search,305,2,10,trial,2159
symbol_search,305,2,11,trial,2798
symbol_search,305,2,12,trial,3239
symbol_search,305,2,13,trial,2638
symbol_search,305,2,14,trial,3526
symbol_search,305,2,15,trial,2054
symbol_search,305,2,16,trial,3529
symbol_search,305,2,17,trial,3882
symbol_search,305,2,18,trial,4426
symbol_search,305,3,1,trial,2750
symbol_search,305,3,2,trial,3355
symbol_search,305,3,3,trial,3257
symbol_search,305,3,4,trial,3100
symbol_search,305,3,5,trial,3760
symbol_search,305,3,6,trial,4243
symbol_search,305,3,7,trial,3916
symbol_search,305,3,8,trial,2448
symbol_search,305,3,9,trial,3154
symbol_search,305,3,10,trial,2168
symbol_search,305,3,11,trial,3239
symbol_search,305,3,12,trial,2427
symbol_search,305,3,13,trial,2002
symbol_search,305,3,14,trial,2054
symbol_search,305,3,15,trial,3152
symbol_search,305,3,16,trial,2276
symbol_search,305,3,17,trial,2067
symbol_search,305,3,18,trial,3091
symbol_search,306,1,1,trial,3337
symbol_search,306,1,2,trial,10290
symbol_search,306,1,3,trial,2490
symbol_search,306,1,4,trial,2481
symbol_search,306,1,5,trial,2903
symbol_search,306,1,6,trial,3239
symbol_search,306,1,7,trial,2265
symbol_search,306,1,8,trial,2331
symbol_search,306,1,9,trial,3202
symbol_search,306,1,10,trial,2557
symbol_search,306,1,12,trial,2473
symbol_search,306,1,13,trial,3462
symbol_search,306,1,14,trial,1561
symbol_search,306,1,15,trial,2577
symbol_search,306,1,16,trial,2098
symbol_search,306,1,17,trial,3002
symbol_search,306,1,18,trial,2730
symbol_search,306,2,1,trial,1685
symbol_search,306,2,2,trial,1558
symbol_search,306,2,3,trial,2021
symbol_search,306,2,4,trial,1432
symbol_search,306,2,5,trial,2778
symbol_search,306,2,6,trial,2865
symbol_search,306,2,7,trial,3964
symbol_search,306,2,8,trial,3939
symbol_search,306,2,9,trial,4687
symbol_search,306,2,10,trial,2798
symbol_search,306,2,11,trial,3661
symbol_search,306,2,12,trial,4171
symbol_search,306,2,13,trial,4002
symbol_search,306,2,14,trial,2564
symbol_search,306,2,15,trial,3209
symbol_search,306,2,16,trial,2856
symbol_search,306,2,17,trial,3433
symbol_search,306,2,18,trial,3086
symbol_search,306,3,1,trial,2208
symbol_search,306,3,2,trial,3712
symbol_search,306,3,3,trial,2362
symbol_search,306,3,4,trial,3171
symbol_search,306,3,5,trial,3156
symbol_search,306,3,6,trial,2968
symbol_search,306,3,7,trial,3085
symbol_search,306,3,8,trial,2174
symbol_search,306,3,10,trial,4172
symbol_search,306,3,11,trial,3829
symbol_search,306,3,12,trial,2199
symbol_search,306,3,13,trial,4628
symbol_search,306,3,14,trial,3037
symbol_search,306,3,15,trial,2192
symbol_search,306,3,16,trial,2188
symbol_search,306,3,17,trial,3608
symbol_search,306,3,18,trial,4140
symbol_search,308,1,1,trial,3933
symbol_search,308,1,2,trial,1701
symbol_search,308,1,3,trial,1336
symbol_search,308,1,4,trial,4389
symbol_search,308,1,5,trial,2565
symbol_search,308,1,6,trial,2938
symbol_search,308,1,7,trial,2075
symbol_search,308,1,8,trial,2711
symbol_search,308,1,9,trial,1867
symbol_search,308,1,10,trial,2716
symbol_search,308,1,11,trial,2628
symbol_search,308,1,12,trial,2373
symbol_search,308,1,13,trial,2847
symbol_search,308,1,14,trial,1676
symbol_search,308,1,15,trial,2643
symbol_search,308,1,16,trial,2519
symbol_search,308,1,17,trial,4360
symbol_search,308,1,18,trial,2492
symbol_search,308,2,1,trial,7968
symbol_search,308,2,2,trial,5112
symbol_search,308,2,3,trial,1643
symbol_search,308,2,4,trial,5832
symbol_search,308,2,6,trial,1865
symbol_search,308,2,7,trial,912
symbol_search,308,2,8,trial,2169
symbol_search,308,2,9,trial,1782
symbol_search,308,2,10,trial,3756
symbol_search,308,2,11,trial,3236
symbol_search,308,2,12,trial,1072
symbol_search,308,2,13,trial,2350
symbol_search,308,2,14,trial,4080
symbol_search,308,2,15,trial,2016
symbol_search,308,2,16,trial,4356
symbol_search,308,2,17,trial,1780
symbol_search,308,3,1,trial,4922
symbol_search,308,3,2,trial,1903
symbol_search,308,3,3,trial,1848
symbol_search,308,3,4,trial,2234
symbol_search,308,3,5,trial,4277
symbol_search,308,3,6,trial,3086
symbol_search,308,3,7,trial,1935
symbol_search,308,3,8,trial,4071
symbol_search,308,3,9,trial,2380
symbol_search,308,3,10,trial,1204
symbol_search,308,3,11,trial,2152
symbol_search,308,3,12,trial,1919
symbol_search,308,3,14,trial,2607
symbol_search,308,3,15,trial,3455
symbol_search,308,3,16,trial,2681
symbol_search,308,3,17,trial,4621
symbol_search,308,3,18,trial,3284
symbol_search,309,1,1,trial,5456
symbol_search,309,1,2,trial,2044
symbol_search,309,1,3,trial,2923
symbol_search,309,1,4,trial,2036
symbol_search,309,1,5,trial,2925
symbol_search,309,1,6,trial,1683
symbol_search,309,1,7,trial,1650
symbol_search,309,1,8,trial,2382
symbol_search,309,1,9,trial,2401
symbol_search,309,1,10,trial,2384
symbol_search,309,1,12,trial,1004
symbol_search,309,1,13,trial,1350
symbol_search,309,1,14,trial,1576
symbol_search,309,1,16,trial,1251
symbol_search,309,1,17,trial,2073
symbol_search,309,1,18,trial,1260
symbol_search,309,2,1,trial,3301
symbol_search,309,2,2,trial,1550
symbol_search,309,2,3,trial,1084
symbol_search,309,2,4,trial,1651
symbol_search,309,2,5,trial,1568
symbol_search,309,2,6,trial,1800
symbol_search,309,2,7,trial,1383
symbol_search,309,2,8,trial,1536
symbol_search,309,2,10,trial,3115
symbol_search,309,2,11,trial,933
symbol_search,309,2,12,trial,1585
symbol_search,309,2,13,trial,2042
symbol_search,309,2,14,trial,1292
symbol_search,309,2,16,trial,1517
symbol_search,309,2,17,trial,1200
symbol_search,309,2,18,trial,1033
symbol_search,312,1,1,trial,2288
symbol_search,312,1,2,trial,11479
symbol_search,312,1,3,trial,2377
symbol_search,312,1,4,trial,2475
symbol_search,312,1,5,trial,1383
symbol_search,312,1,6,trial,2299
symbol_search,312,1,7,trial,2599
symbol_search,312,1,8,trial,2900
symbol_search,312,1,9,trial,2762
symbol_search,312,1,10,trial,2018
symbol_search,312,1,11,trial,3068
symbol_search,312,1,12,trial,2419
symbol_search,312,1,13,trial,2260
symbol_search,312,1,14,trial,2116
symbol_search,312,1,15,trial,2367
symbol_search,312,1,16,trial,2049
symbol_search,312,1,17,trial,2833
symbol_search,312,1,18,trial,3200
symbol_search,312,2,1,trial,1953
symbol_search,312,2,2,trial,1968
symbol_search,312,2,3,trial,1800
symbol_search,312,2,5,trial,1485
symbol_search,312,2,6,trial,2051
symbol_search,312,2,7,trial,1733
symbol_search,312,2,8,trial,2334
symbol_search,312,2,9,trial,1934
symbol_search,312,2,10,trial,1619
symbol_search,312,2,11,trial,1953
symbol_search,312,2,12,trial,2384
symbol_search,312,2,13,trial,2369
symbol_search,312,2,14,trial,3784
symbol_search,312,2,15,trial,2584
symbol_search,312,2,16,trial,1136
symbol_search,312,2,17,trial,4751
symbol_search,312,2,18,trial,1278
symbol_search,312,3,1,trial,5641
symbol_search,312,3,2,trial,2501
symbol_search,312,3,3,trial,1901
symbol_search,312,3,4,trial,1503
symbol_search,312,3,5,trial,1334
symbol_search,312,3,6,trial,1852
symbol_search,312,3,7,trial,2667
symbol_search,312,3,8,trial,2699
symbol_search,312,3,9,trial,2723
symbol_search,312,3,10,trial,1858
symbol_search,312,3,11,trial,2702
symbol_search,312,3,12,trial,2152
symbol_search,312,3,13,trial,3018
symbol_search,312,3,15,trial,982
symbol_search,312,3,16,trial,1069
symbol_search,312,3,17,trial,1310
symbol_search,312,3,18,trial,1096
symbol_search,313,1,1,trial,1662
symbol_search,313,1,2,trial,2600
symbol_search,313,1,3,trial,2175
symbol_search,313,1,4,trial,1850
symbol_search,313,1,5,trial,2323
symbol_search,313,1,6,trial,2935
symbol_search,313,1,8,trial,1971
symbol_search,313,1,9,trial,1900
symbol_search,313,1,10,trial,1785
symbol_search,313,1,11,trial,1785
symbol_search,313,1,12,trial,1441
symbol_search,313,1,13,trial,2068
symbol_search,313,1,14,trial,1951
symbol_search,313,1,15,trial,1017
symbol_search,313,1,16,trial,1333
symbol_search,313,1,17,trial,918
symbol_search,313,2,1,trial,1415
symbol_search,313,2,2,trial,1682
symbol_search,313,2,3,trial,3235
symbol_search,313,2,4,trial,1564
symbol_search,313,2,6,trial,2734
symbol_search,313,2,7,trial,1317
symbol_search,313,2,8,trial,1117
symbol_search,313,2,9,trial,2900
symbol_search,313,2,10,trial,1669
symbol_search,313,2,12,trial,2852
symbol_search,313,2,13,trial,1600
symbol_search,313,2,15,trial,1634
symbol_search,313,2,16,trial,1350
symbol_search,313,2,17,trial,2102
symbol_search,313,2,18,trial,6783
symbol_search,313,3,1,trial,1299
symbol_search,313,3,2,trial,783
symbol_search,313,3,3,trial,1268
symbol_search,313,3,4,trial,1466
symbol_search,313,3,6,trial,853
symbol_search,313,3,7,trial,2067
symbol_search,313,3,8,trial,1934
symbol_search,313,3,10,trial,1184
symbol_search,313,3,11,trial,1467
symbol_search,313,3,12,trial,2116
symbol_search,313,3,14,trial,1233
symbol_search,313,3,15,trial,2817
symbol_search,313,3,16,trial,2834
symbol_search,313,3,17,trial,2119
symbol_search,313,3,18,trial,1234
symbol_search,314,1,1,trial,2092
symbol_search,314,1,2,trial,1833
symbol_search,314,1,3,trial,2445
symbol_search,314,1,4,trial,1618
symbol_search,314,1,5,trial,1268
symbol_search,314,1,6,trial,2223
symbol_search,314,1,7,trial,1736
symbol_search,314,1,8,trial,1147
symbol_search,314,1,9,trial,2434
symbol_search,314,1,10,trial,2201
symbol_search,314,1,11,trial,2301
symbol_search,314,1,12,trial,1183
symbol_search,314,1,13,trial,2203
symbol_search,314,1,14,trial,1541
symbol_search,314,1,15,trial,1309
symbol_search,314,1,16,trial,1900
symbol_search,314,1,17,trial,1426
symbol_search,314,1,18,trial,1529
symbol_search,314,2,1,trial,1288
symbol_search,314,2,2,trial,1466
symbol_search,314,2,3,trial,1590
symbol_search,314,2,4,trial,1621
symbol_search,314,2,5,trial,1317
symbol_search,314,2,6,trial,1783
symbol_search,314,2,7,trial,1519
symbol_search,314,2,8,trial,2645
symbol_search,314,2,9,trial,1685
symbol_search,314,2,10,trial,1384
symbol_search,314,2,11,trial,2250
symbol_search,314,2,12,trial,1885
symbol_search,314,2,13,trial,1797
symbol_search,314,2,14,trial,1967
symbol_search,314,2,15,trial,2468
symbol_search,314,2,16,trial,1332
symbol_search,314,2,18,trial,1252
symbol_search,314,3,1,trial,2734
symbol_search,314,3,2,trial,1300
symbol_search,314,3,3,trial,2635
symbol_search,314,3,4,trial,1531
symbol_search,314,3,5,trial,2651
symbol_search,314,3,6,trial,2434
symbol_search,314,3,7,trial,3116
symbol_search,314,3,8,trial,3235
symbol_search,314,3,10,trial,1610
symbol_search,314,3,11,trial,1929
symbol_search,314,3,12,trial,1367
symbol_search,314,3,13,trial,2302
symbol_search,314,3,14,trial,1200
symbol_search,314,3,15,trial,1320
symbol_search,314,3,16,trial,1409
symbol_search,314,3,17,trial,2082
symbol_search,314,3,18,trial,1668
symbol_search,315,1,1,trial,4005
symbol_search,315,1,2,trial,4170
symbol_search,315,1,3,trial,1967
symbol_search,315,1,4,trial,4330
symbol_search,315,1,5,trial,3149
symbol_search,315,1,6,trial,4593
symbol_search,315,1,7,trial,4566
symbol_search,315,1,8,trial,4232
symbol_search,315,1,9,trial,7550
symbol_search,315,1,10,trial,3680
symbol_search,315,1,11,trial,3098
symbol_search,315,1,12,trial,5066
symbol_search,315,1,13,trial,4283
symbol_search,315,1,14,trial,3232
symbol_search,315,1,15,trial,6551
symbol_search,315,1,16,trial,3134
symbol_search,315,1,17,trial,3148
symbol_search,315,1,18,trial,4199
symbol_search,315,2,1,trial,3184
symbol_search,315,2,2,trial,3810
symbol_search,315,2,3,trial,2643
symbol_search,315,2,4,trial,2733
symbol_search,315,2,5,trial,3451
symbol_search,315,2,6,trial,3151
symbol_search,315,2,7,trial,7753
symbol_search,315,2,8,trial,2835
symbol_search,315,2,9,trial,3435
symbol_search,315,2,10,trial,4517
symbol_search,315,2,11,trial,1616
symbol_search,315,2,12,trial,2216
symbol_search,315,2,13,trial,2534
symbol_search,315,2,14,trial,3135
symbol_search,315,2,15,trial,5653
symbol_search,315,2,16,trial,4634
symbol_search,315,2,17,trial,3746
symbol_search,315,2,18,trial,3356
symbol_search,315,3,1,trial,3251
symbol_search,315,3,2,trial,4267
symbol_search,315,3,3,trial,2819
symbol_search,315,3,4,trial,3751
symbol_search,315,3,5,trial,2653
symbol_search,315,3,6,trial,3368
symbol_search,315,3,7,trial,6536
symbol_search,315,3,8,trial,6830
symbol_search,315,3,9,trial,3768
symbol_search,315,3,10,trial,2933
symbol_search,315,3,11,trial,5369
symbol_search,315,3,12,trial,2466
symbol_search,315,3,13,trial,3335
symbol_search,315,3,14,trial,3902
symbol_search,315,3,15,trial,5135
symbol_search,315,3,16,trial,2336
symbol_search,315,3,17,trial,2001
symbol_search,315,3,18,trial,3399
symbol_search,316,1,1,trial,2670
symbol_search,316,1,2,trial,2965
symbol_search,316,1,3,trial,5681
symbol_search,316,1,4,trial,3966
symbol_search,316,1,5,trial,2114
symbol_search,316,1,6,trial,5349
symbol_search,316,1,7,trial,1784
symbol_search,316,1,8,trial,4132
symbol_search,316,1,9,trial,1965
symbol_search,316,1,10,trial,2531
symbol_search,316,1,11,trial,2601
symbol_search,316,1,12,trial,3015
symbol_search,316,1,13,trial,2832
symbol_search,316,1,14,trial,2065
symbol_search,316,1,15,trial,3631
symbol_search,316,1,16,trial,4447
symbol_search,316,1,17,trial,3082
symbol_search,316,1,18,trial,4927
symbol_search,316,2,1,trial,5537
symbol_search,316,2,2,trial,2517
symbol_search,316,2,3,trial,2470
symbol_search,316,2,4,trial,3552
symbol_search,316,2,5,trial,2210
symbol_search,316,2,6,trial,3935
symbol_search,316,2,7,trial,3934
symbol_search,316,2,8,trial,3468
symbol_search,316,2,9,trial,1718
symbol_search,316,2,10,trial,3701
symbol_search,316,2,11,trial,2149
symbol_search,316,2,12,trial,1772
symbol_search,316,2,13,trial,1925
symbol_search,316,2,14,trial,3687
symbol_search,316,2,15,trial,2136
symbol_search,316,2,16,trial,3301
symbol_search,316,2,17,trial,1682
symbol_search,316,2,18,trial,2700
symbol_search,316,3,1,trial,4085
symbol_search,316,3,2,trial,2322
symbol_search,316,3,3,trial,2817
symbol_search,316,3,4,trial,3870
symbol_search,316,3,5,trial,2333
symbol_search,316,3,6,trial,2087
symbol_search,316,3,7,trial,4485
symbol_search,316,3,8,trial,1967
symbol_search,316,3,9,trial,2936
symbol_search,316,3,10,trial,2232
symbol_search,316,3,11,trial,2367
symbol_search,316,3,12,trial,1934
symbol_search,316,3,13,trial,2234
symbol_search,316,3,14,trial,2949
symbol_search,316,3,15,trial,2051
symbol_search,316,3,16,trial,2132
symbol_search,316,3,17,trial,4067
symbol_search,316,3,18,trial,1969
symbol_search,317,1,1,trial,3616
symbol_search,317,1,2,trial,3891
symbol_search,317,1,3,trial,5453
symbol_search,317,1,4,trial,3286
symbol_search,317,1,5,trial,2767
symbol_search,317,1,6,trial,1662
symbol_search,317,1,7,trial,4135
symbol_search,317,1,8,trial,4545
symbol_search,317,1,9,trial,4033
symbol_search,317,1,10,trial,2367
symbol_search,317,1,11,trial,3466
symbol_search,317,1,12,trial,1601
symbol_search,317,1,13,trial,2483
symbol_search,317,1,14,trial,5785
symbol_search,317,1,15,trial,2184
symbol_search,317,1,16,trial,2467
symbol_search,317,1,17,trial,3285
symbol_search,317,1,18,trial,2684
symbol_search,317,2,1,trial,2452
symbol_search,317,2,2,trial,2183
symbol_search,317,2,3,trial,1819
symbol_search,317,2,4,trial,3599
symbol_search,317,2,5,trial,3170
symbol_search,317,2,6,trial,1733
symbol_search,317,2,7,trial,3097
symbol_search,317,2,8,trial,6836
symbol_search,317,2,9,trial,2066
symbol_search,317,2,10,trial,2633
symbol_search,317,2,11,trial,3379
symbol_search,317,2,12,trial,2620
symbol_search,317,2,13,trial,1668
symbol_search,317,2,14,trial,2838
symbol_search,317,2,15,trial,2968
symbol_search,317,2,16,trial,2552
symbol_search,317,2,17,trial,2890
symbol_search,317,2,18,trial,2759
symbol_search,317,3,1,trial,2250
symbol_search,317,3,2,trial,2033
symbol_search,317,3,3,trial,1767
symbol_search,317,3,4,trial,1350
symbol_search,317,3,5,trial,2449
symbol_search,317,3,6,trial,2318
symbol_search,317,3,7,trial,2501
symbol_search,317,3,8,trial,2618
symbol_search,317,3,9,trial,5851
symbol_search,317,3,10,trial,4304
symbol_search,317,3,11,trial,2902
symbol_search,317,3,12,trial,2050
symbol_search,317,3,13,trial,2117
symbol_search,317,3,14,trial,1851
symbol_search,317,3,15,trial,5535
symbol_search,317,3,16,trial,2766
symbol_search,317,3,17,trial,2299
symbol_search,317,3,18,trial,3433
symbol_search,318,1,1,trial,1913
symbol_search,318,1,2,trial,1810
symbol_search,318,1,3,trial,752
symbol_search,318,1,4,trial,843
symbol_search,318,1,5,trial,1350
symbol_search,318,1,6,trial,2104
symbol_search,318,1,7,trial,1434
symbol_search,318,1,8,trial,1598
symbol_search,318,1,9,trial,1417
symbol_search,318,1,10,trial,799
symbol_search,318,1,11,trial,2900
symbol_search,318,1,12,trial,1817
symbol_search,318,1,13,trial,634
symbol_search,318,1,14,trial,1583
symbol_search,318,1,15,trial,3051
symbol_search,318,1,16,trial,1183
symbol_search,318,1,17,trial,1433
symbol_search,318,1,18,trial,868
symbol_search,318,2,1,trial,2108
symbol_search,318,2,2,trial,1283
symbol_search,318,2,3,trial,1385
symbol_search,318,2,4,trial,2268
symbol_search,318,2,5,trial,1317
symbol_search,318,2,6,trial,903
symbol_search,318,2,7,trial,1084
symbol_search,318,2,8,trial,2268
symbol_search,318,2,9,trial,1052
symbol_search,318,2,10,trial,2100
symbol_search,318,2,11,trial,1033
symbol_search,318,2,12,trial,1317
symbol_search,318,2,13,trial,1584
symbol_search,318,2,14,trial,1366
symbol_search,318,2,15,trial,799
symbol_search,318,2,16,trial,1495
symbol_search,318,2,17,trial,2121
symbol_search,318,2,18,trial,2201
symbol_search,318,3,1,trial,2569
symbol_search,318,3,2,trial,1250
symbol_search,318,3,3,trial,2129
symbol_search,318,3,4,trial,1767
symbol_search,318,3,5,trial,1502
symbol_search,318,3,6,trial,999
symbol_search,318,3,7,trial,3000
symbol_search,318,3,8,trial,2045
symbol_search,318,3,10,trial,3906
symbol_search,318,3,11,trial,1635
symbol_search,318,3,12,trial,1768
symbol_search,318,3,13,trial,2185
symbol_search,318,3,14,trial,1534
symbol_search,318,3,15,trial,2232
symbol_search,318,3,16,trial,1267
symbol_search,318,3,17,trial,1734
symbol_search,318,3,18,trial,1017
symbol_search,319,1,2,trial,2047
symbol_search,319,1,3,trial,4085
symbol_search,319,1,4,trial,5360
symbol_search,319,1,5,trial,3819
symbol_search,319,1,6,trial,5885
symbol_search,319,1,7,trial,5096
symbol_search,319,1,8,trial,7133
symbol_search,319,1,9,trial,2167
symbol_search,319,1,10,trial,4334
symbol_search,319,1,11,trial,2815
symbol_search,319,1,12,trial,2475
symbol_search,319,1,13,trial,4489
symbol_search,319,1,14,trial,5166
symbol_search,319,1,15,trial,3635
symbol_search,319,1,16,trial,6317
symbol_search,319,1,17,trial,3546
symbol_search,319,1,18,trial,2299
symbol_search,319,2,1,trial,3752
symbol_search,319,2,2,trial,2751
symbol_search,319,2,3,trial,2139
symbol_search,319,2,5,trial,3539
symbol_search,319,2,6,trial,7170
symbol_search,319,2,7,trial,1753
symbol_search,319,2,8,trial,6267
symbol_search,319,2,9,trial,1868
symbol_search,319,2,10,trial,1783
symbol_search,319,2,11,trial,1983
symbol_search,319,2,12,trial,3033
symbol_search,319,2,13,trial,5452
symbol_search,319,2,14,trial,5202
symbol_search,319,2,15,trial,2949
symbol_search,319,2,16,trial,1518
symbol_search,319,2,17,trial,5235
symbol_search,319,2,18,trial,2784
symbol_search,319,3,1,trial,3620
symbol_search,319,3,2,trial,2199
symbol_search,319,3,3,trial,3085
symbol_search,319,3,4,trial,2382
symbol_search,319,3,5,trial,3984
symbol_search,319,3,6,trial,3933
symbol_search,319,3,7,trial,1704
symbol_search,319,3,8,trial,2427
symbol_search,319,3,9,trial,5093
symbol_search,319,3,10,trial,2584
symbol_search,319,3,11,trial,4649
symbol_search,319,3,12,trial,4835
symbol_search,319,3,13,trial,3501
symbol_search,319,3,14,trial,5234
symbol_search,319,3,16,trial,3286
symbol_search,319,3,17,trial,5835
symbol_search,319,3,18,trial,6836
symbol_search,320,1,1,trial,3547
symbol_search,320,1,2,trial,2587
symbol_search,320,1,3,trial,2858
symbol_search,320,1,4,trial,3806
symbol_search,320,1,5,trial,3174
symbol_search,320,1,6,trial,5416
symbol_search,320,1,7,trial,5215
symbol_search,320,1,8,trial,2718
symbol_search,320,1,9,trial,3949
symbol_search,320,1,10,trial,4800
symbol_search,320,1,11,trial,3733
symbol_search,320,1,12,trial,5450
symbol_search,320,1,13,trial,4302
symbol_search,320,1,14,trial,3716
symbol_search,320,1,15,trial,2150
symbol_search,320,1,16,trial,2734
symbol_search,320,1,17,trial,3704
symbol_search,320,1,18,trial,3017
symbol_search,320,2,1,trial,1433
symbol_search,320,2,2,trial,5451
symbol_search,320,2,3,trial,3334
symbol_search,320,2,4,trial,3683
symbol_search,320,2,5,trial,1969
symbol_search,320,2,6,trial,3271
symbol_search,320,2,7,trial,1667
symbol_search,320,2,8,trial,3770
symbol_search,320,2,9,trial,1966
symbol_search,320,2,10,trial,4004
symbol_search,320,2,11,trial,3419
symbol_search,320,2,12,trial,2383
symbol_search,320,2,13,trial,1883
symbol_search,320,2,14,trial,2550
symbol_search,320,2,15,trial,3599
symbol_search,320,2,16,trial,3885
symbol_search,320,2,17,trial,2601
symbol_search,320,2,18,trial,3917
symbol_search,320,3,1,trial,3760
symbol_search,320,3,2,trial,1718
symbol_search,320,3,3,trial,1889
symbol_search,320,3,4,trial,1941
symbol_search,320,3,5,trial,3102
symbol_search,320,3,6,trial,4318
symbol_search,320,3,7,trial,2383
symbol_search,320,3,8,trial,3184
symbol_search,320,3,9,trial,2035
symbol_search,320,3,10,trial,1715
symbol_search,320,3,11,trial,2333
symbol_search,320,3,12,trial,3117
symbol_search,320,3,13,trial,2283
symbol_search,320,3,14,trial,2317
symbol_search,320,3,15,trial,3685
symbol_search,320,3,16,trial,2350
symbol_search,320,3,17,trial,2819
symbol_search,320,3,18,trial,3243
symbol_search,321,1,1,trial,1987
symbol_search,321,1,2,trial,2669
symbol_search,321,1,3,trial,5202
symbol_search,321,1,4,trial,4533
symbol_search,321,1,5,trial,3442
symbol_search,321,1,6,trial,2300
symbol_search,321,1,7,trial,3498
symbol_search,321,1,8,trial,3200
symbol_search,321,1,9,trial,1800
symbol_search,321,1,10,trial,3551
symbol_search,321,1,11,trial,2418
symbol_search,321,1,12,trial,6150
symbol_search,321,1,13,trial,4714
symbol_search,321,1,14,trial,2815
symbol_search,321,1,15,trial,3453
symbol_search,321,1,16,trial,5053
symbol_search,321,1,17,trial,2316
symbol_search,321,1,18,trial,3200
symbol_search,321,2,1,trial,2272
symbol_search,321,2,2,trial,2935
symbol_search,321,2,3,trial,4368
symbol_search,321,2,4,trial,2485
symbol_search,321,2,5,trial,3833
symbol_search,321,2,6,trial,1984
symbol_search,321,2,7,trial,4604
symbol_search,321,2,8,trial,5751
symbol_search,321,2,9,trial,2520
symbol_search,321,2,10,trial,4700
symbol_search,321,2,11,trial,2801
symbol_search,321,2,12,trial,2617
symbol_search,321,2,13,trial,4733
symbol_search,321,2,14,trial,5752
symbol_search,321,2,15,trial,3401
symbol_search,321,2,16,trial,3818
symbol_search,321,2,17,trial,2166
symbol_search,321,2,18,trial,6050
symbol_search,321,3,1,trial,1518
symbol_search,321,3,2,trial,2303
symbol_search,321,3,3,trial,2265
symbol_search,321,3,4,trial,2068
symbol_search,321,3,5,trial,2050
symbol_search,321,3,6,trial,2352
symbol_search,321,3,7,trial,2043
symbol_search,321,3,8,trial,3971
symbol_search,321,3,9,trial,2751
symbol_search,321,3,10,trial,3919
symbol_search,321,3,11,trial,2117
symbol_search,321,3,12,trial,2467
symbol_search,321,3,13,trial,1583
symbol_search,321,3,14,trial,2202
symbol_search,321,3,15,trial,1617
symbol_search,321,3,16,trial,1550
symbol_search,321,3,17,trial,5568
symbol_search,321,3,18,trial,1892
symbol_search,322,1,1,trial,6214
symbol_search,322,1,2,trial,2239
symbol_search,322,1,3,trial,3994
symbol_search,322,1,4,trial,3780
symbol_search,322,1,5,trial,4738
symbol_search,322,1,6,trial,7325
symbol_search,322,1,7,trial,3616
symbol_search,322,1,8,trial,3884
symbol_search,322,1,9,trial,2899
symbol_search,322,1,10,trial,3436
symbol_search,322,1,11,trial,1866
symbol_search,322,1,12,trial,4333
symbol_search,322,1,13,trial,2683
symbol_search,322,1,14,trial,2817
symbol_search,322,1,15,trial,2800
symbol_search,322,1,16,trial,3801
symbol_search,322,1,17,trial,4301
symbol_search,322,1,18,trial,5333
symbol_search,322,2,1,trial,1937
symbol_search,322,2,2,trial,3200
symbol_search,322,2,3,trial,3968
symbol_search,322,2,4,trial,3767
symbol_search,322,2,5,trial,1966
symbol_search,322,2,6,trial,2017
symbol_search,322,2,7,trial,5552
symbol_search,322,2,8,trial,3901
symbol_search,322,2,9,trial,3484
symbol_search,322,2,10,trial,2984
symbol_search,322,2,11,trial,4785
symbol_search,322,2,12,trial,5218
symbol_search,322,2,13,trial,1802
symbol_search,322,2,14,trial,5217
symbol_search,322,2,15,trial,3265
symbol_search,322,2,16,trial,2152
symbol_search,322,2,17,trial,3336
symbol_search,322,2,18,trial,3052
symbol_search,322,3,1,trial,2817
symbol_search,322,3,2,trial,1817
symbol_search,322,3,3,trial,3720
symbol_search,322,3,4,trial,2401
symbol_search,322,3,5,trial,4336
symbol_search,322,3,6,trial,4935
symbol_search,322,3,7,trial,3135
symbol_search,322,3,8,trial,9319
symbol_search,322,3,9,trial,3450
symbol_search,322,3,10,trial,3736
symbol_search,322,3,11,trial,3635
symbol_search,322,3,12,trial,2618
symbol_search,322,3,13,trial,2671
symbol_search,322,3,14,trial,4300
symbol_search,322,3,15,trial,4830
symbol_search,322,3,16,trial,2507
symbol_search,322,3,17,trial,3582
symbol_search,322,3,18,trial,3985
symbol_search,323,1,1,trial,3832
symbol_search,323,1,2,trial,3375
symbol_search,323,1,3,trial,1819
symbol_search,323,1,4,trial,2888
symbol_search,323,1,5,trial,3132
symbol_search,323,1,6,trial,2101
symbol_search,323,1,7,trial,1633
symbol_search,323,1,8,trial,2565
symbol_search,323,1,9,trial,1916
symbol_search,323,1,10,trial,4633
symbol_search,323,1,11,trial,2916
symbol_search,323,1,12,trial,2167
symbol_search,323,1,13,trial,3217
symbol_search,323,1,14,trial,1666
symbol_search,323,1,15,trial,2933
symbol_search,323,1,16,trial,2701
symbol_search,323,1,17,trial,4267
symbol_search,323,1,18,trial,2169
symbol_search,323,2,1,trial,3536
symbol_search,323,2,2,trial,3017
symbol_search,323,2,3,trial,2616
symbol_search,323,2,4,trial,2249
symbol_search,323,2,5,trial,2885
symbol_search,323,2,6,trial,1965
symbol_search,323,2,7,trial,1901
symbol_search,323,2,8,trial,3167
symbol_search,323,2,9,trial,2753
symbol_search,323,2,10,trial,2300
symbol_search,323,2,11,trial,1533
symbol_search,323,2,12,trial,1784
symbol_search,323,2,13,trial,2419
symbol_search,323,2,14,trial,1933
symbol_search,323,2,15,trial,2552
symbol_search,323,2,16,trial,2130
symbol_search,323,2,17,trial,2610
symbol_search,323,2,18,trial,2487
symbol_search,323,3,1,trial,2688
symbol_search,323,3,2,trial,2484
symbol_search,323,3,3,trial,1984
symbol_search,323,3,4,trial,2036
symbol_search,323,3,5,trial,2433
symbol_search,323,3,6,trial,2949
symbol_search,323,3,7,trial,3318
symbol_search,323,3,8,trial,2119
symbol_search,323,3,9,trial,2700
symbol_search,323,3,10,trial,3972
symbol_search,323,3,11,trial,1973
symbol_search,323,3,12,trial,2373
symbol_search,323,3,13,trial,2118
symbol_search,323,3,14,trial,2149
symbol_search,323,3,15,trial,1984
symbol_search,323,3,16,trial,2368
symbol_search,323,3,17,trial,3084
symbol_search,323,3,18,trial,2251
symbol_search,324,1,1,trial,2662
symbol_search,324,1,2,trial,4676
symbol_search,324,1,3,trial,1753
symbol_search,324,1,4,trial,3391
symbol_search,324,1,5,trial,2591
symbol_search,324,1,6,trial,2572
symbol_search,324,1,7,trial,3568
symbol_search,324,1,8,trial,5062
symbol_search,324,1,9,trial,1917
symbol_search,324,1,10,trial,3836
symbol_search,324,1,11,trial,5012
symbol_search,324,1,12,trial,4886
symbol_search,324,1,13,trial,4618
symbol_search,324,1,14,trial,10002
symbol_search,324,1,15,trial,4584
symbol_search,324,1,16,trial,2934
symbol_search,324,1,17,trial,3269
symbol_search,324,1,18,trial,2583
symbol_search,324,2,1,trial,4473
symbol_search,324,2,2,trial,3801
symbol_search,324,2,3,trial,4734
symbol_search,324,2,4,trial,3184
symbol_search,324,2,5,trial,4568
symbol_search,324,2,6,trial,11586
symbol_search,324,2,7,trial,3870
symbol_search,324,2,8,trial,4716
symbol_search,324,2,9,trial,4801
symbol_search,324,2,10,trial,2935
symbol_search,324,2,11,trial,5117
symbol_search,324,2,12,trial,8185
symbol_search,324,2,13,trial,6119
symbol_search,324,2,14,trial,2933
symbol_search,324,2,15,trial,5117
symbol_search,324,2,16,trial,2936
symbol_search,324,2,17,trial,4653
symbol_search,324,2,18,trial,3168
symbol_search,324,3,1,trial,4386
symbol_search,324,3,2,trial,4137
symbol_search,324,3,3,trial,3701
symbol_search,324,3,4,trial,5803
symbol_search,324,3,5,trial,4901
symbol_search,324,3,6,trial,6684
symbol_search,324,3,7,trial,5018
symbol_search,324,3,8,trial,2666
symbol_search,324,3,9,trial,3167
symbol_search,324,3,10,trial,3584
symbol_search,324,3,11,trial,3595
symbol_search,324,3,12,trial,4403
symbol_search,324,3,13,trial,5335
symbol_search,324,3,14,trial,3900
symbol_search,324,3,15,trial,4168
symbol_search,324,3,16,trial,3972
symbol_search,324,3,17,trial,3151
symbol_search,324,3,18,trial,2719
symbol_search,325,1,1,trial,3210
symbol_search,325,1,2,trial,3461
symbol_search,325,1,3,trial,4574
symbol_search,325,1,4,trial,2985
symbol_search,325,1,5,trial,3911
symbol_search,325,1,6,trial,2844
symbol_search,325,1,7,trial,2684
symbol_search,325,1,8,trial,2681
symbol_search,325,1,9,trial,3536
symbol_search,325,1,10,trial,3535
symbol_search,325,1,11,trial,3416
symbol_search,325,1,12,trial,4468
symbol_search,325,1,13,trial,2949
symbol_search,325,1,14,trial,4168
symbol_search,325,1,15,trial,3702
symbol_search,325,1,16,trial,2579
symbol_search,325,1,17,trial,2666
symbol_search,325,1,18,trial,1951
symbol_search,325,2,1,trial,3533
symbol_search,325,2,2,trial,3416
symbol_search,325,2,3,trial,2500
symbol_search,325,2,4,trial,6450
symbol_search,325,2,5,trial,2150
symbol_search,325,2,6,trial,3367
symbol_search,325,2,7,trial,1633
symbol_search,325,2,8,trial,4001
symbol_search,325,2,9,trial,4601
symbol_search,325,2,10,trial,3220
symbol_search,325,2,11,trial,4056
symbol_search,325,2,12,trial,3923
symbol_search,325,2,13,trial,2119
symbol_search,325,2,14,trial,3119
symbol_search,325,2,15,trial,2683
symbol_search,325,2,16,trial,1816
symbol_search,325,2,17,trial,3168
symbol_search,325,2,18,trial,5034
symbol_search,325,3,1,trial,3599
symbol_search,325,3,2,trial,2884
symbol_search,325,3,3,trial,1885
symbol_search,325,3,4,trial,3378
symbol_search,325,3,5,trial,3167
symbol_search,325,3,6,trial,1667
symbol_search,325,3,7,trial,1933
symbol_search,325,3,8,trial,2635
symbol_search,325,3,9,trial,1681
symbol_search,325,3,10,trial,2069
symbol_search,325,3,11,trial,3952
symbol_search,325,3,12,trial,3903
symbol_search,325,3,13,trial,3150
symbol_search,325,3,14,trial,2933
symbol_search,325,3,15,trial,2483
symbol_search,325,3,16,trial,3436
symbol_search,325,3,17,trial,2281
symbol_search,325,3,18,trial,2381
symbol_search,326,1,1,trial,3018
symbol_search,326,1,2,trial,2915
symbol_search,326,1,3,trial,4048
symbol_search,326,1,4,trial,1601
symbol_search,326,1,5,trial,1574
symbol_search,326,1,6,trial,2104
symbol_search,326,1,7,trial,2047
symbol_search,326,1,8,trial,1450
symbol_search,326,1,9,trial,2086
symbol_search,326,1,10,trial,2034
symbol_search,326,1,11,trial,2017
symbol_search,326,1,12,trial,1899
symbol_search,326,1,13,trial,1233
symbol_search,326,1,14,trial,1519
symbol_search,326,1,15,trial,1599
symbol_search,326,1,16,trial,1719
symbol_search,326,1,17,trial,1583
symbol_search,326,1,18,trial,1232
symbol_search,326,2,1,trial,2437
symbol_search,326,2,2,trial,1317
symbol_search,326,2,3,trial,1368
symbol_search,326,2,4,trial,1916
symbol_search,326,2,5,trial,2182
symbol_search,326,2,6,trial,1701
symbol_search,326,2,7,trial,2201
symbol_search,326,2,8,trial,1884
symbol_search,326,2,9,trial,1634
symbol_search,326,2,10,trial,2584
symbol_search,326,2,11,trial,3517
symbol_search,326,2,12,trial,2601
symbol_search,326,2,13,trial,2150
symbol_search,326,2,14,trial,2082
symbol_search,326,2,15,trial,1251
symbol_search,326,2,16,trial,2143
symbol_search,326,2,17,trial,2006
symbol_search,326,2,18,trial,1733
symbol_search,326,3,1,trial,2826
symbol_search,326,3,2,trial,1483
symbol_search,326,3,3,trial,1284
symbol_search,326,3,5,trial,2634
symbol_search,326,3,6,trial,1486
symbol_search,326,3,7,trial,1951
symbol_search,326,3,8,trial,1583
symbol_search,326,3,9,trial,3167
symbol_search,326,3,10,trial,2101
symbol_search,326,3,11,trial,1350
symbol_search,326,3,12,trial,1537
symbol_search,326,3,13,trial,1885
symbol_search,326,3,14,trial,3504
symbol_search,326,3,15,trial,1767
symbol_search,326,3,16,trial,2551
symbol_search,326,3,17,trial,2133
symbol_search,326,3,18,trial,1318
symbol_search,327,1,1,trial,2734
symbol_search,327,1,2,trial,2985
symbol_search,327,1,3,trial,4374
symbol_search,327,1,4,trial,2567
symbol_search,327,1,5,trial,4255
symbol_search,327,1,6,trial,3599
symbol_search,327,1,8,trial,2118
symbol_search,327,1,9,trial,2916
symbol_search,327,1,10,trial,9568
symbol_search,327,1,11,trial,2603
symbol_search,327,1,12,trial,4312
symbol_search,327,1,13,trial,3768
symbol_search,327,1,14,trial,5017
symbol_search,327,1,15,trial,4951
symbol_search,327,1,16,trial,4042
symbol_search,327,1,17,trial,3087
symbol_search,327,1,18,trial,1983
symbol_search,327,2,1,trial,4835
symbol_search,327,2,2,trial,7320
symbol_search,327,2,3,trial,5251
symbol_search,327,2,4,trial,6386
symbol_search,327,2,5,trial,2434
symbol_search,327,2,6,trial,2933
symbol_search,327,2,7,trial,1967
symbol_search,327,2,8,trial,1801
symbol_search,327,2,9,trial,2880
symbol_search,327,2,10,trial,1583
symbol_search,327,2,11,trial,2834
symbol_search,327,2,12,trial,4519
symbol_search,327,2,13,trial,4269
symbol_search,327,2,14,trial,2770
symbol_search,327,2,15,trial,2333
symbol_search,327,2,16,trial,1201
symbol_search,327,2,17,trial,2618
symbol_search,327,2,18,trial,2751
symbol_search,327,3,1,trial,2018
symbol_search,327,3,2,trial,1520
symbol_search,327,3,3,trial,1701
symbol_search,327,3,4,trial,4000
symbol_search,327,3,5,trial,1975
symbol_search,327,3,6,trial,2634
symbol_search,327,3,7,trial,3900
symbol_search,327,3,8,trial,1916
symbol_search,327,3,9,trial,3237
symbol_search,327,3,10,trial,3857
symbol_search,327,3,11,trial,2234
symbol_search,327,3,12,trial,2573
symbol_search,327,3,13,trial,5284
symbol_search,327,3,14,trial,2001
symbol_search,327,3,15,trial,1916
symbol_search,327,3,16,trial,2886
symbol_search,327,3,17,trial,4185
symbol_search,327,3,18,trial,2250
symbol_search,328,1,2,trial,1950
symbol_search,328,1,3,trial,1412
symbol_search,328,1,4,trial,1065
symbol_search,328,1,5,trial,868
symbol_search,328,1,7,trial,1719
symbol_search,328,1,8,trial,1783
symbol_search,328,1,9,trial,2515
symbol_search,328,1,10,trial,1219
symbol_search,328,1,11,trial,2684
symbol_search,328,1,12,trial,3385
symbol_search,328,1,13,trial,833
symbol_search,328,1,14,trial,2487
symbol_search,328,1,16,trial,1199
symbol_search,328,1,17,trial,2417
symbol_search,328,1,18,trial,1617
symbol_search,328,2,1,trial,2084
symbol_search,328,2,2,trial,2250
symbol_search,328,2,3,trial,2267
symbol_search,328,2,4,trial,867
symbol_search,328,2,5,trial,1250
symbol_search,328,2,6,trial,2399
symbol_search,328,2,7,trial,1034
symbol_search,328,2,8,trial,1335
symbol_search,328,2,9,trial,1967
symbol_search,328,2,10,trial,2134
symbol_search,328,2,11,trial,1566
symbol_search,328,2,12,trial,1267
symbol_search,328,2,13,trial,1033
symbol_search,328,2,14,trial,1967
symbol_search,328,2,15,trial,4402
symbol_search,328,2,17,trial,1684
symbol_search,328,2,18,trial,1948
symbol_search,328,3,2,trial,5302
symbol_search,328,3,3,trial,2784
symbol_search,328,3,4,trial,3383
symbol_search,328,3,5,trial,1469
symbol_search,328,3,7,trial,5234
symbol_search,328,3,8,trial,3568
symbol_search,328,3,9,trial,2267
symbol_search,328,3,10,trial,2100
symbol_search,328,3,11,trial,2051
symbol_search,328,3,12,trial,1868
symbol_search,328,3,13,trial,1784
symbol_search,328,3,14,trial,2135
symbol_search,328,3,15,trial,2402
symbol_search,328,3,16,trial,4717
symbol_search,328,3,18,trial,4753
symbol_search,329,1,1,trial,5918
symbol_search,329,1,2,trial,2875
symbol_search,329,1,3,trial,7862
symbol_search,329,1,4,trial,2438
symbol_search,329,1,5,trial,2813
symbol_search,329,1,6,trial,4283
symbol_search,329,1,7,trial,6269
symbol_search,329,1,8,trial,4183
symbol_search,329,1,9,trial,3667
symbol_search,329,1,10,trial,4853
symbol_search,329,1,11,trial,4900
symbol_search,329,1,12,trial,3650
symbol_search,329,1,13,trial,9491
symbol_search,329,1,14,trial,2155
symbol_search,329,1,15,trial,2454
symbol_search,329,1,16,trial,13070
symbol_search,329,1,17,trial,4217
symbol_search,329,1,18,trial,2935
symbol_search,329,2,1,trial,2366
symbol_search,329,2,2,trial,2816
symbol_search,329,2,3,trial,2232
symbol_search,329,2,4,trial,3067
symbol_search,329,2,5,trial,2701
symbol_search,329,2,6,trial,4200
symbol_search,329,2,7,trial,2000
symbol_search,329,2,8,trial,5935
symbol_search,329,2,9,trial,2066
symbol_search,329,2,10,trial,7338
symbol_search,329,2,11,trial,2869
symbol_search,329,2,12,trial,4549
symbol_search,329,2,13,trial,4183
symbol_search,329,2,14,trial,1833
symbol_search,329,2,15,trial,2352
symbol_search,329,2,16,trial,4152
symbol_search,329,2,17,trial,2250
symbol_search,329,2,18,trial,5703
symbol_search,329,3,1,trial,2168
symbol_search,329,3,2,trial,3317
symbol_search,329,3,3,trial,4570
symbol_search,329,3,4,trial,3601
symbol_search,329,3,5,trial,5485
symbol_search,329,3,6,trial,2951
symbol_search,329,3,7,trial,6932
symbol_search,329,3,8,trial,3800
symbol_search,329,3,9,trial,1718
symbol_search,329,3,10,trial,3868
symbol_search,329,3,11,trial,12987
symbol_search,329,3,12,trial,2439
symbol_search,329,3,13,trial,2941
symbol_search,329,3,14,trial,4152
symbol_search,329,3,15,trial,4570
symbol_search,329,3,16,trial,4418
symbol_search,329,3,17,trial,4702
symbol_search,329,3,18,trial,2835
symbol_search,330,1,1,trial,1847
symbol_search,330,1,2,trial,1606
symbol_search,330,1,3,trial,2122
symbol_search,330,1,4,trial,2220
symbol_search,330,1,5,trial,1965
symbol_search,330,1,6,trial,3935
symbol_search,330,1,7,trial,3516
symbol_search,330,1,8,trial,2201
symbol_search,330,1,9,trial,3232
symbol_search,330,1,10,trial,1800
symbol_search,330,1,11,trial,1733
symbol_search,330,1,12,trial,1057
symbol_search,330,1,13,trial,1488
symbol_search,330,1,14,trial,2800
symbol_search,330,1,15,trial,3803
symbol_search,330,1,16,trial,1383
symbol_search,330,1,17,trial,2798
symbol_search,330,1,18,trial,2516
symbol_search,330,2,1,trial,1601
symbol_search,330,2,2,trial,1566
symbol_search,330,2,3,trial,2451
symbol_search,330,2,4,trial,1333
symbol_search,330,2,5,trial,3652
symbol_search,330,2,6,trial,1534
symbol_search,330,2,7,trial,2418
symbol_search,330,2,8,trial,5017
symbol_search,330,2,9,trial,5484
symbol_search,330,2,10,trial,3017
symbol_search,330,2,11,trial,2250
symbol_search,330,2,12,trial,1627
symbol_search,330,2,13,trial,3583
symbol_search,330,2,14,trial,1683
symbol_search,330,2,15,trial,2852
symbol_search,330,2,16,trial,1935
symbol_search,330,2,17,trial,1449
symbol_search,330,2,18,trial,2833
symbol_search,330,3,1,trial,2670
symbol_search,330,3,2,trial,985
symbol_search,330,3,3,trial,2570
symbol_search,330,3,4,trial,1316
symbol_search,330,3,5,trial,1752
symbol_search,330,3,6,trial,2286
symbol_search,330,3,7,trial,1850
symbol_search,330,3,8,trial,2235
symbol_search,330,3,9,trial,2602
symbol_search,330,3,10,trial,2121
symbol_search,330,3,11,trial,1400
symbol_search,330,3,12,trial,1417
symbol_search,330,3,13,trial,2801
symbol_search,330,3,14,trial,2702
symbol_search,330,3,15,trial,1834
symbol_search,330,3,16,trial,1549
symbol_search,330,3,17,trial,2150
symbol_search,330,3,18,trial,3269
symbol_search,331,1,1,trial,2383
symbol_search,331,1,2,trial,5554
symbol_search,331,1,3,trial,4575
symbol_search,331,1,4,trial,4100
symbol_search,331,1,5,trial,3516
symbol_search,331,1,6,trial,6885
symbol_search,331,1,7,trial,6115
symbol_search,331,1,8,trial,3351
symbol_search,331,1,9,trial,3326
symbol_search,331,1,10,trial,2989
symbol_search,331,1,11,trial,3416
symbol_search,331,1,12,trial,4785
symbol_search,331,1,13,trial,5034
symbol_search,331,1,14,trial,3201
symbol_search,331,1,15,trial,6669
symbol_search,331,1,16,trial,3768
symbol_search,331,1,17,trial,4682
symbol_search,331,1,18,trial,2084
symbol_search,331,2,1,trial,1852
symbol_search,331,2,2,trial,2916
symbol_search,331,2,3,trial,4184
symbol_search,331,2,4,trial,2885
symbol_search,331,2,5,trial,4967
symbol_search,331,2,6,trial,3234
symbol_search,331,2,7,trial,4682
symbol_search,331,2,8,trial,5970
symbol_search,331,2,9,trial,4081
symbol_search,331,2,10,trial,1718
symbol_search,331,2,11,trial,2082
symbol_search,331,2,12,trial,2827
symbol_search,331,2,13,trial,5976
symbol_search,331,2,14,trial,1751
symbol_search,331,2,15,trial,2826
symbol_search,331,2,16,trial,1637
symbol_search,331,2,17,trial,3283
symbol_search,331,2,18,trial,2417
symbol_search,331,3,1,trial,1599
symbol_search,331,3,2,trial,1189
symbol_search,331,3,3,trial,3975
symbol_search,331,3,4,trial,2383
symbol_search,331,3,5,trial,2552
symbol_search,331,3,6,trial,1650
symbol_search,331,3,7,trial,4137
symbol_search,331,3,8,trial,1450
symbol_search,331,3,9,trial,1351
symbol_search,331,3,10,trial,2650
symbol_search,331,3,11,trial,1216
symbol_search,331,3,12,trial,3934
symbol_search,331,3,13,trial,3407
symbol_search,331,3,14,trial,4011
symbol_search,331,3,15,trial,2500
symbol_search,331,3,16,trial,4384
symbol_search,331,3,17,trial,4901
symbol_search,331,3,18,trial,1584
symbol_search,332,1,1,trial,3568
symbol_search,332,1,2,trial,1649
symbol_search,332,1,3,trial,3295
symbol_search,332,1,4,trial,2702
symbol_search,332,1,5,trial,5410
symbol_search,332,1,6,trial,2793
symbol_search,332,1,7,trial,3855
symbol_search,332,1,8,trial,3332
symbol_search,332,1,9,trial,3285
symbol_search,332,1,10,trial,2999
symbol_search,332,1,11,trial,4035
symbol_search,332,1,12,trial,3333
symbol_search,332,1,13,trial,2698
symbol_search,332,1,14,trial,3316
symbol_search,332,1,15,trial,2217
symbol_search,332,1,16,trial,2581
symbol_search,332,1,17,trial,1718
symbol_search,332,1,18,trial,7035
symbol_search,332,2,1,trial,5733
symbol_search,332,2,2,trial,5590
symbol_search,332,2,3,trial,2266
symbol_search,332,2,4,trial,3669
symbol_search,332,2,5,trial,2367
symbol_search,332,2,6,trial,5201
symbol_search,332,2,7,trial,5519
symbol_search,332,2,8,trial,4834
symbol_search,332,2,9,trial,2568
symbol_search,332,2,10,trial,2417
symbol_search,332,2,11,trial,1867
symbol_search,332,2,12,trial,3284
symbol_search,332,2,13,trial,4635
symbol_search,332,2,14,trial,2150
symbol_search,332,2,15,trial,1969
symbol_search,332,2,16,trial,3201
symbol_search,332,2,17,trial,2385
symbol_search,332,2,18,trial,1884
symbol_search,332,3,1,trial,5555
symbol_search,332,3,2,trial,2133
symbol_search,332,3,3,trial,5168
symbol_search,332,3,4,trial,2617
symbol_search,332,3,5,trial,4068
symbol_search,332,3,6,trial,4984
symbol_search,332,3,7,trial,2451
symbol_search,332,3,8,trial,3000
symbol_search,332,3,9,trial,5669
symbol_search,332,3,10,trial,3083
symbol_search,332,3,11,trial,7200
symbol_search,332,3,12,trial,5236
symbol_search,332,3,13,trial,4167
symbol_search,332,3,14,trial,2232
symbol_search,332,3,15,trial,2282
symbol_search,332,3,16,trial,1984
symbol_search,332,3,17,trial,4002
symbol_search,332,3,18,trial,6569
symbol_search,333,1,1,trial,3822
symbol_search,333,1,2,trial,2680
symbol_search,333,1,3,trial,2563
symbol_search,333,1,4,trial,5077
symbol_search,333,1,5,trial,2468
symbol_search,333,1,6,trial,2229
symbol_search,333,1,7,trial,1963
symbol_search,333,1,8,trial,2150
symbol_search,333,1,9,trial,2749
symbol_search,333,1,10,trial,2202
symbol_search,333,1,11,trial,3335
symbol_search,333,1,12,trial,3203
symbol_search,333,1,13,trial,4152
symbol_search,333,1,14,trial,4069
symbol_search,333,1,15,trial,4534
symbol_search,333,1,16,trial,3635
symbol_search,333,1,17,trial,2296
symbol_search,333,1,18,trial,2271
symbol_search,333,2,1,trial,3735
symbol_search,333,2,2,trial,2350
symbol_search,333,2,3,trial,3218
symbol_search,333,2,4,trial,3730
symbol_search,333,2,5,trial,4067
symbol_search,333,2,6,trial,2635
symbol_search,333,2,7,trial,1717
symbol_search,333,2,8,trial,3834
symbol_search,333,2,9,trial,3020
symbol_search,333,2,10,trial,2717
symbol_search,333,2,11,trial,3034
symbol_search,333,2,12,trial,2751
symbol_search,333,2,13,trial,3383
symbol_search,333,2,14,trial,3534
symbol_search,333,2,15,trial,3733
symbol_search,333,2,16,trial,3035
symbol_search,333,2,17,trial,4652
symbol_search,333,2,18,trial,2785
symbol_search,333,3,1,trial,4193
symbol_search,333,3,2,trial,4785
symbol_search,333,3,3,trial,1700
symbol_search,333,3,4,trial,3217
symbol_search,333,3,5,trial,6018
symbol_search,333,3,6,trial,1816
symbol_search,333,3,7,trial,3868
symbol_search,333,3,8,trial,4950
symbol_search,333,3,9,trial,6203
symbol_search,333,3,10,trial,4400
symbol_search,333,3,11,trial,1984
symbol_search,333,3,12,trial,4069
symbol_search,333,3,13,trial,2401
symbol_search,333,3,14,trial,2952
symbol_search,333,3,15,trial,3418
symbol_search,333,3,16,trial,5735
symbol_search,333,3,17,trial,4101
symbol_search,333,3,18,trial,2566
symbol_search,334,1,1,trial,3116
symbol_search,334,1,2,trial,2116
symbol_search,334,1,3,trial,2498
symbol_search,334,1,4,trial,3142
symbol_search,334,1,5,trial,3618
symbol_search,334,1,6,trial,4666
symbol_search,334,1,7,trial,3447
symbol_search,334,1,8,trial,1400
symbol_search,334,1,9,trial,1720
symbol_search,334,1,10,trial,1500
symbol_search,334,1,11,trial,1516
symbol_search,334,1,12,trial,1283
symbol_search,334,1,13,trial,3416
symbol_search,334,1,14,trial,4252
symbol_search,334,1,15,trial,1599
symbol_search,334,1,16,trial,1118
symbol_search,334,1,17,trial,2018
symbol_search,334,1,18,trial,1800
symbol_search,334,2,1,trial,2567
symbol_search,334,2,2,trial,1151
symbol_search,334,2,3,trial,2184
symbol_search,334,2,4,trial,1849
symbol_search,334,2,5,trial,3437
symbol_search,334,2,6,trial,2201
symbol_search,334,2,7,trial,2502
symbol_search,334,2,8,trial,1617
symbol_search,334,2,9,trial,2135
symbol_search,334,2,10,trial,1484
symbol_search,334,2,11,trial,1817
symbol_search,334,2,12,trial,2318
symbol_search,334,2,13,trial,2301
symbol_search,334,2,14,trial,1301
symbol_search,334,2,15,trial,1117
symbol_search,334,2,16,trial,2049
symbol_search,334,2,17,trial,2034
symbol_search,334,2,18,trial,3183
symbol_search,334,3,1,trial,2552
symbol_search,334,3,2,trial,1651
symbol_search,334,3,3,trial,984
symbol_search,334,3,4,trial,1167
symbol_search,334,3,5,trial,1351
symbol_search,334,3,7,trial,1201
symbol_search,334,3,8,trial,1333
symbol_search,334,3,11,trial,4733
symbol_search,334,3,12,trial,2336
symbol_search,334,3,13,trial,2018
symbol_search,334,3,14,trial,1549
symbol_search,334,3,15,trial,1836
symbol_search,334,3,16,trial,2336
symbol_search,334,3,17,trial,2566
symbol_search,334,3,18,trial,2034
symbol_search,335,1,1,trial,4656
symbol_search,335,1,2,trial,3388
symbol_search,335,1,3,trial,2184
symbol_search,335,1,4,trial,7958
symbol_search,335,1,5,trial,4268
symbol_search,335,1,6,trial,4235
symbol_search,335,1,7,trial,1769
symbol_search,335,1,8,trial,5167
symbol_search,335,1,9,trial,2335
symbol_search,335,1,10,trial,7170
symbol_search,335,1,11,trial,3951
symbol_search,335,1,13,trial,2384
symbol_search,335,1,14,trial,3000
symbol_search,335,1,15,trial,4766
symbol_search,335,1,16,trial,2000
symbol_search,335,1,17,trial,3000
symbol_search,335,1,18,trial,3982
symbol_search,335,2,1,trial,1334
symbol_search,335,2,2,trial,2466
symbol_search,335,2,3,trial,2215
symbol_search,335,2,4,trial,4050
symbol_search,335,2,5,trial,2400
symbol_search,335,2,6,trial,2467
symbol_search,335,2,7,trial,7486
symbol_search,335,2,8,trial,2337
symbol_search,335,2,9,trial,3235
symbol_search,335,2,11,trial,2702
symbol_search,335,2,12,trial,4350
symbol_search,335,2,13,trial,3600
symbol_search,335,2,14,trial,3250
symbol_search,335,2,15,trial,3417
symbol_search,335,2,16,trial,2034
symbol_search,335,2,17,trial,4172
symbol_search,335,2,18,trial,3267
symbol_search,335,3,1,trial,1719
symbol_search,335,3,2,trial,8286
symbol_search,335,3,3,trial,3266
symbol_search,335,3,4,trial,4617
symbol_search,335,3,6,trial,2263
symbol_search,335,3,7,trial,2385
symbol_search,335,3,8,trial,2567
symbol_search,335,3,9,trial,4635
symbol_search,335,3,10,trial,3417
symbol_search,335,3,11,trial,5269
symbol_search,335,3,12,trial,2602
symbol_search,335,3,13,trial,4468
symbol_search,335,3,14,trial,2800
symbol_search,335,3,15,trial,3299
symbol_search,335,3,16,trial,1834
symbol_search,335,3,17,trial,2317
symbol_search,335,3,18,trial,2468
symbol_search,336,1,1,trial,2170
symbol_search,336,1,2,trial,3178
symbol_search,336,1,3,trial,1966
symbol_search,336,1,4,trial,1722
symbol_search,336,1,5,trial,2620
symbol_search,336,1,6,trial,2897
symbol_search,336,1,7,trial,1516
symbol_search,336,1,8,trial,3000
symbol_search,336,1,9,trial,3651
symbol_search,336,1,10,trial,2118
symbol_search,336,1,11,trial,3801
symbol_search,336,1,12,trial,1801
symbol_search,336,1,13,trial,3968
symbol_search,336,1,14,trial,1399
symbol_search,336,1,15,trial,1833
symbol_search,336,1,16,trial,2398
symbol_search,336,1,17,trial,1733
symbol_search,336,1,18,trial,2533
symbol_search,336,2,1,trial,1884
symbol_search,336,2,2,trial,1701
symbol_search,336,2,3,trial,1782
symbol_search,336,2,4,trial,3929
symbol_search,336,2,5,trial,3702
symbol_search,336,2,6,trial,2200
symbol_search,336,2,7,trial,7520
symbol_search,336,2,8,trial,1916
symbol_search,336,2,9,trial,2583
symbol_search,336,2,10,trial,1833
symbol_search,336,2,11,trial,1867
symbol_search,336,2,12,trial,2666
symbol_search,336,2,13,trial,2868
symbol_search,336,2,14,trial,3567
symbol_search,336,2,15,trial,3134
symbol_search,336,2,16,trial,2285
symbol_search,336,2,17,trial,2450
symbol_search,336,2,18,trial,1200
symbol_search,336,3,1,trial,4571
symbol_search,336,3,2,trial,3618
symbol_search,336,3,3,trial,1915
symbol_search,336,3,4,trial,2218
symbol_search,336,3,5,trial,3767
symbol_search,336,3,6,trial,3153
symbol_search,336,3,7,trial,3551
symbol_search,336,3,8,trial,1733
symbol_search,336,3,9,trial,5267
symbol_search,336,3,10,trial,1584
symbol_search,336,3,11,trial,2767
symbol_search,336,3,12,trial,1800
symbol_search,336,3,13,trial,2770
symbol_search,336,3,14,trial,1500
symbol_search,336,3,15,trial,2385
symbol_search,336,3,16,trial,3845
symbol_search,336,3,17,trial,2417
symbol_search,336,3,18,trial,5333
symbol_search,337,1,1,trial,2583
symbol_search,337,1,2,trial,3230
symbol_search,337,1,3,trial,1968
symbol_search,337,1,4,trial,1998
symbol_search,337,1,5,trial,1682
symbol_search,337,1,6,trial,1217
symbol_search,337,1,7,trial,1583
symbol_search,337,1,9,trial,3565
symbol_search,337,1,10,trial,2267
symbol_search,337,1,11,trial,999
symbol_search,337,1,12,trial,1966
symbol_search,337,1,13,trial,1950
symbol_search,337,1,14,trial,2801
symbol_search,337,1,15,trial,2417
symbol_search,337,1,16,trial,3051
symbol_search,337,1,17,trial,2602
symbol_search,337,1,18,trial,2150
symbol_search,337,2,1,trial,4288
symbol_search,337,2,3,trial,3417
symbol_search,337,2,4,trial,4436
symbol_search,337,2,5,trial,2249
symbol_search,337,2,6,trial,2135
symbol_search,337,2,7,trial,1787
symbol_search,337,2,8,trial,2933
symbol_search,337,2,9,trial,1266
symbol_search,337,2,10,trial,1767
symbol_search,337,2,11,trial,1584
symbol_search,337,2,12,trial,1383
symbol_search,337,2,13,trial,2050
symbol_search,337,2,14,trial,1450
symbol_search,337,2,15,trial,3852
symbol_search,337,2,16,trial,1883
symbol_search,337,2,17,trial,1636
symbol_search,337,2,18,trial,1316
symbol_search,337,3,1,trial,3186
symbol_search,337,3,2,trial,1752
symbol_search,337,3,3,trial,1900
symbol_search,337,3,4,trial,2884
symbol_search,337,3,5,trial,3234
symbol_search,337,3,6,trial,1417
symbol_search,337,3,7,trial,2967
symbol_search,337,3,8,trial,3866
symbol_search,337,3,10,trial,1651
symbol_search,337,3,11,trial,1434
symbol_search,337,3,12,trial,1916
symbol_search,337,3,13,trial,3817
symbol_search,337,3,14,trial,2735
symbol_search,337,3,15,trial,1617
symbol_search,337,3,16,trial,2465
symbol_search,337,3,17,trial,1982
symbol_search,337,3,18,trial,3368
symbol_search,338,1,2,trial,2322
symbol_search,338,1,3,trial,2863
symbol_search,338,1,4,trial,2375
symbol_search,338,1,5,trial,2685
symbol_search,338,1,6,trial,1616
symbol_search,338,1,7,trial,1683
symbol_search,338,1,9,trial,3516
symbol_search,338,1,10,trial,4967
symbol_search,338,1,11,trial,3098
symbol_search,338,1,12,trial,4500
symbol_search,338,1,13,trial,1399
symbol_search,338,1,14,trial,1699
symbol_search,338,1,15,trial,3353
symbol_search,338,1,16,trial,1278
symbol_search,338,1,17,trial,3355
symbol_search,338,1,18,trial,1217
symbol_search,338,2,1,trial,3908
symbol_search,338,2,2,trial,1283
symbol_search,338,2,3,trial,2217
symbol_search,338,2,4,trial,2585
symbol_search,338,2,5,trial,1498
symbol_search,338,2,6,trial,3667
symbol_search,338,2,7,trial,2935
symbol_search,338,2,8,trial,2634
symbol_search,338,2,9,trial,2685
symbol_search,338,2,10,trial,1517
symbol_search,338,2,11,trial,1267
symbol_search,338,2,12,trial,4267
symbol_search,338,2,13,trial,3333
symbol_search,338,2,14,trial,3384
symbol_search,338,2,15,trial,1536
symbol_search,338,2,16,trial,2651
symbol_search,338,2,17,trial,2337
symbol_search,338,2,18,trial,5300
symbol_search,338,3,1,trial,1483
symbol_search,338,3,3,trial,3968
symbol_search,338,3,4,trial,3901
symbol_search,338,3,5,trial,3320
symbol_search,338,3,6,trial,1381
symbol_search,338,3,7,trial,2902
symbol_search,338,3,8,trial,1716
symbol_search,338,3,9,trial,3601
symbol_search,338,3,10,trial,3601
symbol_search,338,3,11,trial,2167
symbol_search,338,3,12,trial,2449
symbol_search,338,3,13,trial,1651
symbol_search,338,3,14,trial,1918
symbol_search,338,3,15,trial,4436
symbol_search,338,3,16,trial,2400
symbol_search,338,3,17,trial,1083
symbol_search,338,3,18,trial,3418
symbol_search,339,1,1,trial,2033
symbol_search,339,1,2,trial,2375
symbol_search,339,1,3,trial,2924
symbol_search,339,1,4,trial,1375
symbol_search,339,1,5,trial,2655
symbol_search,339,1,6,trial,1933
symbol_search,339,1,7,trial,2616
symbol_search,339,1,8,trial,2583
symbol_search,339,1,9,trial,1649
symbol_search,339,1,10,trial,2101
symbol_search,339,1,11,trial,1613
symbol_search,339,1,12,trial,2819
symbol_search,339,1,13,trial,3218
symbol_search,339,1,14,trial,1584
symbol_search,339,1,15,trial,2600
symbol_search,339,1,16,trial,2018
symbol_search,339,1,17,trial,2267
symbol_search,339,1,18,trial,1968
symbol_search,339,2,1,trial,1367
symbol_search,339,2,2,trial,1402
symbol_search,339,2,3,trial,1817
symbol_search,339,2,4,trial,1182
symbol_search,339,2,5,trial,2202
symbol_search,339,2,6,trial,1533
symbol_search,339,2,7,trial,1400
symbol_search,339,2,8,trial,2833
symbol_search,339,2,9,trial,1851
symbol_search,339,2,10,trial,3151
symbol_search,339,2,11,trial,3334
symbol_search,339,2,12,trial,3101
symbol_search,339,2,13,trial,1935
symbol_search,339,2,14,trial,3967
symbol_search,339,2,15,trial,2670
symbol_search,339,2,16,trial,2168
symbol_search,339,2,17,trial,1400
symbol_search,339,2,18,trial,2100
symbol_search,339,3,1,trial,1269
symbol_search,339,3,2,trial,1500
symbol_search,339,3,3,trial,1350
symbol_search,339,3,4,trial,2870
symbol_search,339,3,5,trial,1602
symbol_search,339,3,6,trial,1349
symbol_search,339,3,7,trial,3050
symbol_search,339,3,8,trial,3320
symbol_search,339,3,9,trial,3503
symbol_search,339,3,10,trial,3400
symbol_search,339,3,11,trial,2252
symbol_search,339,3,12,trial,2769
symbol_search,339,3,13,trial,3233
symbol_search,339,3,14,trial,3101
symbol_search,339,3,15,trial,3499
symbol_search,339,3,16,trial,1985
symbol_search,339,3,17,trial,2635
symbol_search,339,3,18,trial,2150
symbol_search,340,1,1,trial,6273
symbol_search,340,1,2,trial,2376
symbol_search,340,1,3,trial,2106
symbol_search,340,1,4,trial,1027
symbol_search,340,1,5,trial,3117
symbol_search,340,1,6,trial,6952
symbol_search,340,1,7,trial,3301
symbol_search,340,1,8,trial,3301
symbol_search,340,1,9,trial,3835
symbol_search,340,1,10,trial,2250
symbol_search,340,1,11,trial,2633
symbol_search,340,1,12,trial,5019
symbol_search,340,1,13,trial,3998
symbol_search,340,1,14,trial,2580
symbol_search,340,1,15,trial,4183
symbol_search,340,1,16,trial,5103
symbol_search,340,1,17,trial,2882
symbol_search,340,1,18,trial,1415
symbol_search,340,2,1,trial,6996
symbol_search,340,2,2,trial,6418
symbol_search,340,2,3,trial,1916
symbol_search,340,2,4,trial,2386
symbol_search,340,2,5,trial,2418
symbol_search,340,2,6,trial,3916
symbol_search,340,2,7,trial,12353
symbol_search,340,2,8,trial,1401
symbol_search,340,2,9,trial,3401
symbol_search,340,2,10,trial,2018
symbol_search,340,2,11,trial,3317
symbol_search,340,2,12,trial,5335
symbol_search,340,2,13,trial,1850
symbol_search,340,2,14,trial,2367
symbol_search,340,2,15,trial,2418
symbol_search,340,2,16,trial,4835
symbol_search,340,2,17,trial,1684
symbol_search,340,2,18,trial,1832
symbol_search,340,3,1,trial,5711
symbol_search,340,3,2,trial,2200
symbol_search,340,3,3,trial,2066
symbol_search,340,3,4,trial,2735
symbol_search,340,3,5,trial,1499
symbol_search,340,3,6,trial,2469
symbol_search,340,3,7,trial,2850
symbol_search,340,3,8,trial,2119
symbol_search,340,3,9,trial,1516
symbol_search,340,3,10,trial,2667
symbol_search,340,3,11,trial,3584
symbol_search,340,3,12,trial,2000
symbol_search,340,3,13,trial,1666
symbol_search,340,3,14,trial,3399
symbol_search,340,3,15,trial,4286
symbol_search,340,3,16,trial,1399
symbol_search,340,3,17,trial,3269
symbol_search,340,3,18,trial,2135
symbol_search,341,1,1,trial,4175
symbol_search,341,1,2,trial,4069
symbol_search,341,1,3,trial,1501
symbol_search,341,1,4,trial,1449
symbol_search,341,1,5,trial,2721
symbol_search,341,1,6,trial,3316
symbol_search,341,1,7,trial,3401
symbol_search,341,1,8,trial,1435
symbol_search,341,1,9,trial,1834
symbol_search,341,1,10,trial,3069
symbol_search,341,1,11,trial,3052
symbol_search,341,1,12,trial,2470
symbol_search,341,1,13,trial,2819
symbol_search,341,1,14,trial,2567
symbol_search,341,1,15,trial,2049
symbol_search,341,1,16,trial,2417
symbol_search,341,1,17,trial,2933
symbol_search,341,1,18,trial,3501
symbol_search,341,2,1,trial,6017
symbol_search,341,2,2,trial,2966
symbol_search,341,2,3,trial,1182
symbol_search,341,2,4,trial,2335
symbol_search,341,2,5,trial,2115
symbol_search,341,2,6,trial,1567
symbol_search,341,2,7,trial,2150
symbol_search,341,2,8,trial,2850
symbol_search,341,2,9,trial,2117
symbol_search,341,2,10,trial,3250
symbol_search,341,2,11,trial,2001
symbol_search,341,2,12,trial,1584
symbol_search,341,2,13,trial,1667
symbol_search,341,2,14,trial,1568
symbol_search,341,2,15,trial,1400
symbol_search,341,2,16,trial,1016
symbol_search,341,2,17,trial,1316
symbol_search,341,2,18,trial,1968
symbol_search,341,3,1,trial,2522
symbol_search,341,3,2,trial,1266
symbol_search,341,3,3,trial,2084
symbol_search,341,3,4,trial,1850
symbol_search,341,3,5,trial,1149
symbol_search,341,3,6,trial,1586
symbol_search,341,3,7,trial,1966
symbol_search,341,3,9,trial,1967
symbol_search,341,3,10,trial,1000
symbol_search,341,3,11,trial,2517
symbol_search,341,3,12,trial,1885
symbol_search,341,3,13,trial,1651
symbol_search,341,3,14,trial,2802
symbol_search,341,3,15,trial,2383
symbol_search,341,3,16,trial,933
symbol_search,341,3,17,trial,1216
symbol_search,341,3,18,trial,1566
symbol_search,342,1,1,trial,5062
symbol_search,342,1,2,trial,9135
symbol_search,342,1,3,trial,6634
symbol_search,342,1,4,trial,3451
symbol_search,342,1,5,trial,5234
symbol_search,342,1,6,trial,3884
symbol_search,342,1,7,trial,5067
symbol_search,342,1,8,trial,6001
symbol_search,342,1,9,trial,30211
symbol_search,342,1,10,trial,4635
symbol_search,342,1,11,trial,4268
symbol_search,342,1,12,trial,4467
symbol_search,342,1,13,trial,2452
symbol_search,342,1,14,trial,3602
symbol_search,342,1,15,trial,3384
symbol_search,342,1,16,trial,3649
symbol_search,342,1,17,trial,5468
symbol_search,342,1,18,trial,6935
symbol_search,342,2,1,trial,2435
symbol_search,342,2,2,trial,2618
symbol_search,342,2,3,trial,4120
symbol_search,342,2,4,trial,7302
symbol_search,342,2,5,trial,4083
symbol_search,342,2,6,trial,5434
symbol_search,342,2,7,trial,11121
symbol_search,342,2,8,trial,5851
symbol_search,342,2,10,trial,2501
symbol_search,342,2,11,trial,3604
symbol_search,342,2,12,trial,5002
symbol_search,342,2,13,trial,5201
symbol_search,342,2,14,trial,6001
symbol_search,342,2,15,trial,9268
symbol_search,342,2,16,trial,2566
symbol_search,342,2,17,trial,5573
symbol_search,342,2,18,trial,3235
symbol_search,342,3,1,trial,8007
symbol_search,342,3,2,trial,4651
symbol_search,342,3,3,trial,4152
symbol_search,342,3,4,trial,4468
symbol_search,342,3,5,trial,2176
symbol_search,342,3,6,trial,2226
symbol_search,342,3,7,trial,4151
symbol_search,342,3,8,trial,3883
symbol_search,342,3,9,trial,2801
symbol_search,342,3,10,trial,3300
symbol_search,342,3,11,trial,4318
symbol_search,342,3,12,trial,4204
symbol_search,342,3,13,trial,7385
symbol_search,342,3,14,trial,7488
symbol_search,342,3,15,trial,3582
symbol_search,342,3,16,trial,3716
symbol_search,342,3,17,trial,7937
symbol_search,342,3,18,trial,4602
symbol_search,343,1,1,trial,3224
symbol_search,343,1,2,trial,2834
symbol_search,343,1,3,trial,2234
symbol_search,343,1,4,trial,3211
symbol_search,343,1,5,trial,3234
symbol_search,343,1,6,trial,2716
symbol_search,343,1,7,trial,3334
symbol_search,343,1,8,trial,3215
symbol_search,343,1,9,trial,2067
symbol_search,343,1,10,trial,2299
symbol_search,343,1,11,trial,2849
symbol_search,343,1,12,trial,4202
symbol_search,343,1,13,trial,3581
symbol_search,343,1,14,trial,2701
symbol_search,343,1,15,trial,3951
symbol_search,343,1,16,trial,1501
symbol_search,343,1,17,trial,2783
symbol_search,343,1,18,trial,1667
symbol_search,343,2,1,trial,1972
symbol_search,343,2,2,trial,2518
symbol_search,343,2,3,trial,2535
symbol_search,343,2,4,trial,2782
symbol_search,343,2,5,trial,2883
symbol_search,343,2,6,trial,2416
symbol_search,343,2,7,trial,2069
symbol_search,343,2,8,trial,3002
symbol_search,343,2,9,trial,2437
symbol_search,343,2,10,trial,3801
symbol_search,343,2,11,trial,3734
symbol_search,343,2,12,trial,2885
symbol_search,343,2,13,trial,2418
symbol_search,343,2,14,trial,2234
symbol_search,343,2,15,trial,2801
symbol_search,343,2,16,trial,2585
symbol_search,343,2,17,trial,3005
symbol_search,343,2,18,trial,2087
symbol_search,343,3,1,trial,2417
symbol_search,343,3,2,trial,4429
symbol_search,343,3,3,trial,3116
symbol_search,343,3,4,trial,3283
symbol_search,343,3,5,trial,4534
symbol_search,343,3,6,trial,2066
symbol_search,343,3,7,trial,2182
symbol_search,343,3,8,trial,2065
symbol_search,343,3,9,trial,4434
symbol_search,343,3,10,trial,4736
symbol_search,343,3,11,trial,5485
symbol_search,343,3,12,trial,2102
symbol_search,343,3,13,trial,2316
symbol_search,343,3,14,trial,5171
symbol_search,343,3,15,trial,3067
symbol_search,343,3,16,trial,2482
symbol_search,343,3,17,trial,2136
symbol_search,343,3,18,trial,2570
symbol_search,346,1,1,trial,870
symbol_search,346,1,3,trial,929
symbol_search,346,1,4,trial,2218
symbol_search,346,1,5,trial,704
symbol_search,346,1,6,trial,1331
symbol_search,346,1,7,trial,1672
symbol_search,346,1,8,trial,2517
symbol_search,346,1,9,trial,2931
symbol_search,346,1,10,trial,535
symbol_search,346,1,13,trial,1318
symbol_search,346,1,14,trial,652
symbol_search,346,1,15,trial,733
symbol_search,346,1,16,trial,2419
symbol_search,346,1,18,trial,818
symbol_search,346,2,1,trial,1283
symbol_search,346,2,3,trial,1142
symbol_search,346,2,5,trial,1202
symbol_search,346,2,6,trial,1253
symbol_search,346,2,7,trial,1401
symbol_search,346,2,8,trial,833
symbol_search,346,2,9,trial,3120
symbol_search,346,2,11,trial,850
symbol_search,346,2,13,trial,3204
symbol_search,346,2,15,trial,2767
symbol_search,346,2,16,trial,1183
symbol_search,346,2,17,trial,2049
symbol_search,346,2,18,trial,2636
symbol_search,346,3,1,trial,2826
symbol_search,346,3,2,trial,1117
symbol_search,346,3,3,trial,4567
symbol_search,346,3,4,trial,1417
symbol_search,346,3,5,trial,715
symbol_search,346,3,6,trial,2068
symbol_search,346,3,7,trial,2634
symbol_search,346,3,8,trial,2119
symbol_search,346,3,9,trial,1066
symbol_search,346,3,11,trial,1450
symbol_search,346,3,12,trial,1317
symbol_search,346,3,13,trial,1017
symbol_search,346,3,14,trial,1317
symbol_search,346,3,15,trial,1832
symbol_search,346,3,16,trial,3000
symbol_search,346,3,17,trial,682
symbol_search,347,1,1,trial,3316
symbol_search,347,1,2,trial,4369
symbol_search,347,1,3,trial,8343
symbol_search,347,1,4,trial,2725
symbol_search,347,1,5,trial,2088
symbol_search,347,1,6,trial,2635
symbol_search,347,1,7,trial,2434
symbol_search,347,1,8,trial,4482
symbol_search,347,1,9,trial,2134
symbol_search,347,1,10,trial,2098
symbol_search,347,1,11,trial,3767
symbol_search,347,1,12,trial,3917
symbol_search,347,1,13,trial,2433
symbol_search,347,1,14,trial,2851
symbol_search,347,1,15,trial,4951
symbol_search,347,1,16,trial,4451
symbol_search,347,1,17,trial,4817
symbol_search,347,1,18,trial,4623
symbol_search,347,2,1,trial,3286
symbol_search,347,2,2,trial,4601
symbol_search,347,2,3,trial,3901
symbol_search,347,2,4,trial,1718
symbol_search,347,2,5,trial,3817
symbol_search,347,2,6,trial,6150
symbol_search,347,2,7,trial,2900
symbol_search,347,2,8,trial,2867
symbol_search,347,2,9,trial,2966
symbol_search,347,2,10,trial,3234
symbol_search,347,2,11,trial,2952
symbol_search,347,2,12,trial,5285
symbol_search,347,2,13,trial,5500
symbol_search,347,2,14,trial,1588
symbol_search,347,2,15,trial,2367
symbol_search,347,2,16,trial,3285
symbol_search,347,2,17,trial,7952
symbol_search,347,2,18,trial,3749
symbol_search,347,3,1,trial,1367
symbol_search,347,3,2,trial,3826
symbol_search,347,3,3,trial,3966
symbol_search,347,3,4,trial,2249
symbol_search,347,3,5,trial,3518
symbol_search,347,3,6,trial,4401
symbol_search,347,3,7,trial,2171
symbol_search,347,3,8,trial,5472
symbol_search,347,3,9,trial,2083
symbol_search,347,3,10,trial,3201
symbol_search,347,3,11,trial,1785
symbol_search,347,3,12,trial,3269
symbol_search,347,3,13,trial,2817
symbol_search,347,3,14,trial,7786
symbol_search,347,3,15,trial,4652
symbol_search,347,3,16,trial,1651
symbol_search,347,3,17,trial,1349
symbol_search,347,3,18,trial,4105
symbol_search,348,1,1,trial,1867
symbol_search,348,1,2,trial,1691
symbol_search,348,1,3,trial,1818
symbol_search,348,1,4,trial,2120
symbol_search,348,1,5,trial,1652
symbol_search,348,1,6,trial,2534
symbol_search,348,1,7,trial,2234
symbol_search,348,1,8,trial,2952
symbol_search,348,1,9,trial,1449
symbol_search,348,1,10,trial,2333
symbol_search,348,1,11,trial,1849
symbol_search,348,1,12,trial,2169
symbol_search,348,1,13,trial,1784
symbol_search,348,1,14,trial,2035
symbol_search,348,1,15,trial,1151
symbol_search,348,1,16,trial,3263
symbol_search,348,1,17,trial,3735
symbol_search,348,2,1,trial,1715
symbol_search,348,2,2,trial,2098
symbol_search,348,2,3,trial,1534
symbol_search,348,2,4,trial,2886
symbol_search,348,2,5,trial,1951
symbol_search,348,2,6,trial,1401
symbol_search,348,2,7,trial,3051
symbol_search,348,2,8,trial,2851
symbol_search,348,2,9,trial,2317
symbol_search,348,2,10,trial,3052
symbol_search,348,2,11,trial,1716
symbol_search,348,2,12,trial,1684
symbol_search,348,2,13,trial,6870
symbol_search,348,2,14,trial,1616
symbol_search,348,2,15,trial,1917
symbol_search,348,2,16,trial,1817
symbol_search,348,2,17,trial,1567
symbol_search,348,2,18,trial,1299
symbol_search,348,3,1,trial,1852
symbol_search,348,3,2,trial,2618
symbol_search,348,3,3,trial,2150
symbol_search,348,3,4,trial,3667
symbol_search,348,3,5,trial,1938
symbol_search,348,3,6,trial,2284
symbol_search,348,3,7,trial,2150
symbol_search,348,3,8,trial,2432
symbol_search,348,3,9,trial,2586
symbol_search,348,3,10,trial,2201
symbol_search,348,3,11,trial,1933
symbol_search,348,3,12,trial,2084
symbol_search,348,3,13,trial,2368
symbol_search,348,3,14,trial,1634
symbol_search,348,3,15,trial,1166
symbol_search,348,3,16,trial,1984
symbol_search,348,3,17,trial,1601
symbol_search,348,3,18,trial,2351
symbol_search,349,1,1,trial,1950
symbol_search,349,1,2,trial,2847
symbol_search,349,1,3,trial,762
symbol_search,349,1,5,trial,1317
symbol_search,349,1,6,trial,1765
symbol_search,349,1,7,trial,918
symbol_search,349,1,8,trial,834
symbol_search,349,1,9,trial,1664
symbol_search,349,1,10,trial,751
symbol_search,349,1,11,trial,1133
symbol_search,349,1,12,trial,1317
symbol_search,349,1,13,trial,1282
symbol_search,349,1,14,trial,867
symbol_search,349,1,15,trial,1152
symbol_search,349,1,16,trial,916
symbol_search,349,1,17,trial,1099
symbol_search,349,1,18,trial,1015
symbol_search,349,2,1,trial,3090
symbol_search,349,2,2,trial,1198
symbol_search,349,2,4,trial,1682
symbol_search,349,2,5,trial,999
symbol_search,349,2,6,trial,1284
symbol_search,349,2,7,trial,583
symbol_search,349,2,8,trial,1000
symbol_search,349,2,10,trial,934
symbol_search,349,2,11,trial,1383
symbol_search,349,2,13,trial,2334
symbol_search,349,2,14,trial,983
symbol_search,349,2,16,trial,1086
symbol_search,349,2,17,trial,1452
symbol_search,349,2,18,trial,732
symbol_search,349,3,1,trial,4793
symbol_search,349,3,2,trial,1300
symbol_search,349,3,3,trial,2753
symbol_search,349,3,4,trial,1619
symbol_search,349,3,5,trial,2434
symbol_search,349,3,6,trial,4751
symbol_search,349,3,7,trial,2384
symbol_search,349,3,8,trial,1919
symbol_search,349,3,9,trial,2384
symbol_search,349,3,10,trial,1950
symbol_search,349,3,11,trial,2767
symbol_search,349,3,12,trial,1583
symbol_search,349,3,13,trial,1835
symbol_search,349,3,15,trial,1834
symbol_search,349,3,16,trial,1917
symbol_search,349,3,17,trial,2421
symbol_search,349,3,18,trial,1734
symbol_search,351,1,1,trial,1796
symbol_search,351,1,2,trial,2234
symbol_search,351,1,3,trial,2409
symbol_search,351,1,4,trial,2701
symbol_search,351,1,5,trial,2116
symbol_search,351,1,6,trial,2067
symbol_search,351,1,7,trial,4949
symbol_search,351,1,8,trial,2334
symbol_search,351,1,9,trial,3434
symbol_search,351,1,10,trial,3102
symbol_search,351,1,11,trial,2717
symbol_search,351,1,12,trial,2301
symbol_search,351,1,13,trial,2367
symbol_search,351,1,14,trial,3234
symbol_search,351,1,15,trial,2301
symbol_search,351,1,16,trial,4786
symbol_search,351,1,18,trial,3183
symbol_search,351,2,1,trial,5252
symbol_search,351,2,2,trial,2934
symbol_search,351,2,3,trial,2335
symbol_search,351,2,4,trial,1767
symbol_search,351,2,5,trial,2368
symbol_search,351,2,6,trial,2350
symbol_search,351,2,7,trial,1968
symbol_search,351,2,8,trial,1951
symbol_search,351,2,9,trial,4053
symbol_search,351,2,10,trial,2537
symbol_search,351,2,11,trial,1393
symbol_search,351,2,12,trial,2151
symbol_search,351,2,13,trial,1700
symbol_search,351,2,14,trial,4201
symbol_search,351,2,15,trial,8903
symbol_search,351,2,16,trial,3601
symbol_search,351,2,17,trial,3468
symbol_search,351,2,18,trial,2616
symbol_search,351,3,1,trial,3794
symbol_search,351,3,2,trial,1885
symbol_search,351,3,3,trial,1250
symbol_search,351,3,4,trial,2634
symbol_search,351,3,5,trial,2370
symbol_search,351,3,6,trial,1601
symbol_search,351,3,7,trial,3033
symbol_search,351,3,8,trial,3733
symbol_search,351,3,9,trial,3350
symbol_search,351,3,10,trial,2415
symbol_search,351,3,11,trial,3550
symbol_search,351,3,12,trial,3583
symbol_search,351,3,13,trial,4535
symbol_search,351,3,14,trial,1983
symbol_search,351,3,15,trial,2351
symbol_search,351,3,16,trial,2315
symbol_search,351,3,17,trial,2684
symbol_search,351,3,18,trial,2917
symbol_search,352,1,1,trial,2742
symbol_search,352,1,2,trial,2287
symbol_search,352,1,3,trial,2873
symbol_search,352,1,4,trial,2796
symbol_search,352,1,5,trial,2881
symbol_search,352,1,6,trial,2966
symbol_search,352,1,7,trial,2134
symbol_search,352,1,8,trial,2901
symbol_search,352,1,9,trial,2534
symbol_search,352,1,10,trial,2616
symbol_search,352,1,11,trial,2411
symbol_search,352,1,12,trial,1382
symbol_search,352,1,13,trial,2617
symbol_search,352,1,14,trial,1968
symbol_search,352,1,15,trial,2847
symbol_search,352,1,16,trial,1401
symbol_search,352,1,17,trial,3915
symbol_search,352,1,18,trial,1552
symbol_search,352,2,1,trial,1703
symbol_search,352,2,2,trial,2501
symbol_search,352,2,3,trial,1517
symbol_search,352,2,4,trial,2618
symbol_search,352,2,5,trial,2485
symbol_search,352,2,6,trial,1833
symbol_search,352,2,7,trial,1968
symbol_search,352,2,8,trial,1966
symbol_search,352,2,9,trial,2783
symbol_search,352,2,10,trial,2784
symbol_search,352,2,11,trial,2386
symbol_search,352,2,12,trial,2916
symbol_search,352,2,13,trial,2700
symbol_search,352,2,14,trial,2086
symbol_search,352,2,15,trial,1318
symbol_search,352,2,16,trial,1984
symbol_search,352,2,17,trial,1802
symbol_search,352,2,18,trial,1437
symbol_search,352,3,1,trial,1670
symbol_search,352,3,2,trial,2934
symbol_search,352,3,3,trial,2468
symbol_search,352,3,4,trial,1716
symbol_search,352,3,5,trial,1766
symbol_search,352,3,6,trial,2718
symbol_search,352,3,7,trial,1724
symbol_search,352,3,8,trial,2625
symbol_search,352,3,9,trial,1649
symbol_search,352,3,10,trial,1650
symbol_search,352,3,11,trial,2386
symbol_search,352,3,12,trial,1633
symbol_search,352,3,13,trial,1733
symbol_search,352,3,14,trial,1549
symbol_search,352,3,15,trial,1123
symbol_search,352,3,16,trial,2322
symbol_search,352,3,17,trial,1885
symbol_search,352,3,18,trial,1934
symbol_search,353,1,1,trial,7437
symbol_search,353,1,2,trial,1722
symbol_search,353,1,4,trial,1650
symbol_search,353,1,5,trial,1768
symbol_search,353,1,6,trial,6363
symbol_search,353,1,7,trial,3450
symbol_search,353,1,8,trial,5318
symbol_search,353,1,9,trial,4349
symbol_search,353,1,10,trial,4052
symbol_search,353,1,11,trial,3116
symbol_search,353,1,12,trial,2721
symbol_search,353,1,13,trial,3900
symbol_search,353,1,14,trial,6551
symbol_search,353,1,15,trial,3834
symbol_search,353,1,16,trial,3702
symbol_search,353,1,17,trial,3161
symbol_search,353,1,18,trial,2238
symbol_search,353,2,1,trial,4386
symbol_search,353,2,2,trial,4549
symbol_search,353,2,3,trial,6919
symbol_search,353,2,4,trial,6268
symbol_search,353,2,5,trial,3969
symbol_search,353,2,6,trial,3970
symbol_search,353,2,7,trial,4253
symbol_search,353,2,8,trial,3435
symbol_search,353,2,9,trial,7668
symbol_search,353,2,10,trial,4002
symbol_search,353,2,11,trial,8253
symbol_search,353,2,12,trial,7137
symbol_search,353,2,13,trial,4434
symbol_search,353,2,14,trial,5302
symbol_search,353,2,15,trial,3851
symbol_search,353,2,16,trial,2750
symbol_search,353,2,17,trial,2267
symbol_search,353,2,18,trial,2499
symbol_search,353,3,1,trial,6518
symbol_search,353,3,2,trial,2618
symbol_search,353,3,3,trial,2583
symbol_search,353,3,4,trial,1733
symbol_search,353,3,5,trial,2001
symbol_search,353,3,6,trial,2369
symbol_search,353,3,7,trial,2534
symbol_search,353,3,8,trial,1318
symbol_search,353,3,9,trial,3001
symbol_search,353,3,10,trial,1317
symbol_search,353,3,11,trial,1733
symbol_search,353,3,12,trial,2218
symbol_search,353,3,13,trial,2169
symbol_search,353,3,14,trial,2466
symbol_search,353,3,15,trial,9852
symbol_search,353,3,16,trial,3384
symbol_search,353,3,17,trial,3618
symbol_search,353,3,18,trial,4601
symbol_search,354,1,1,trial,2467
symbol_search,354,1,2,trial,4186
symbol_search,354,1,3,trial,4024
symbol_search,354,1,4,trial,3282
symbol_search,354,1,5,trial,2615
symbol_search,354,1,6,trial,3802
symbol_search,354,1,7,trial,4572
symbol_search,354,1,8,trial,3400
symbol_search,354,1,9,trial,3217
symbol_search,354,1,10,trial,4501
symbol_search,354,1,11,trial,3701
symbol_search,354,1,12,trial,2468
symbol_search,354,1,13,trial,3734
symbol_search,354,1,14,trial,4085
symbol_search,354,1,15,trial,4831
symbol_search,354,1,16,trial,2499
symbol_search,354,1,17,trial,3352
symbol_search,354,1,18,trial,2665
symbol_search,354,2,1,trial,2822
symbol_search,354,2,2,trial,1953
symbol_search,354,2,3,trial,1984
symbol_search,354,2,4,trial,1701
symbol_search,354,2,5,trial,2368
symbol_search,354,2,6,trial,3050
symbol_search,354,2,7,trial,1966
symbol_search,354,2,8,trial,3487
symbol_search,354,2,9,trial,5684
symbol_search,354,2,10,trial,3850
symbol_search,354,2,11,trial,3369
symbol_search,354,2,12,trial,3467
symbol_search,354,2,13,trial,3218
symbol_search,354,2,14,trial,4836
symbol_search,354,2,15,trial,3185
symbol_search,354,2,16,trial,3068
symbol_search,354,2,17,trial,4568
symbol_search,354,2,18,trial,1519
symbol_search,354,3,1,trial,2958
symbol_search,354,3,2,trial,3019
symbol_search,354,3,3,trial,3536
symbol_search,354,3,4,trial,3867
symbol_search,354,3,5,trial,3468
symbol_search,354,3,6,trial,2148
symbol_search,354,3,7,trial,1750
symbol_search,354,3,8,trial,1983
symbol_search,354,3,9,trial,3950
symbol_search,354,3,10,trial,3818
symbol_search,354,3,11,trial,4285
symbol_search,354,3,12,trial,3635
symbol_search,354,3,13,trial,2967
symbol_search,354,3,14,trial,3167
symbol_search,354,3,15,trial,3418
symbol_search,354,3,16,trial,3968
symbol_search,354,3,17,trial,2733
symbol_search,354,3,18,trial,4104
symbol_search,355,1,1,trial,1587
symbol_search,355,1,2,trial,2865
symbol_search,355,1,3,trial,2133
symbol_search,355,1,4,trial,2365
symbol_search,355,1,5,trial,3785
symbol_search,355,1,6,trial,1266
symbol_search,355,1,7,trial,1400
symbol_search,355,1,8,trial,2368
symbol_search,355,1,9,trial,1217
symbol_search,355,1,10,trial,2183
symbol_search,355,1,11,trial,1983
symbol_search,355,1,12,trial,2184
symbol_search,355,1,13,trial,3435
symbol_search,355,1,14,trial,2301
symbol_search,355,1,15,trial,2052
symbol_search,355,1,17,trial,2884
symbol_search,355,1,18,trial,1435
symbol_search,355,2,1,trial,3118
symbol_search,355,2,2,trial,3150
symbol_search,355,2,3,trial,1249
symbol_search,355,2,4,trial,1083
symbol_search,355,2,5,trial,1884
symbol_search,355,2,6,trial,2833
symbol_search,355,2,8,trial,3668
symbol_search,355,2,9,trial,1621
symbol_search,355,2,10,trial,3036
symbol_search,355,2,11,trial,1520
symbol_search,355,2,12,trial,3782
symbol_search,355,2,13,trial,1968
symbol_search,355,2,14,trial,2931
symbol_search,355,2,15,trial,3169
symbol_search,355,2,16,trial,2551
symbol_search,355,2,17,trial,3268
symbol_search,355,2,18,trial,3985
symbol_search,355,3,1,trial,3919
symbol_search,355,3,2,trial,1702
symbol_search,355,3,3,trial,3035
symbol_search,355,3,4,trial,3419
symbol_search,355,3,5,trial,2568
symbol_search,355,3,6,trial,2917
symbol_search,355,3,7,trial,1984
symbol_search,355,3,8,trial,1082
symbol_search,355,3,9,trial,1570
symbol_search,355,3,10,trial,3884
symbol_search,355,3,11,trial,2767
symbol_search,355,3,13,trial,2250
symbol_search,355,3,14,trial,1034
symbol_search,355,3,15,trial,2134
symbol_search,355,3,16,trial,2668
symbol_search,355,3,17,trial,1918
symbol_search,355,3,18,trial,2216
symbol_search,356,1,1,trial,3151
symbol_search,356,1,2,trial,2843
symbol_search,356,1,3,trial,2209
symbol_search,356,1,4,trial,2700
symbol_search,356,1,5,trial,2749
symbol_search,356,1,6,trial,1650
symbol_search,356,1,7,trial,1349
symbol_search,356,1,8,trial,1750
symbol_search,356,1,9,trial,2236
symbol_search,356,1,10,trial,1699
symbol_search,356,1,11,trial,2800
symbol_search,356,1,12,trial,1484
symbol_search,356,1,13,trial,3016
symbol_search,356,1,14,trial,2017
symbol_search,356,1,15,trial,1346
symbol_search,356,1,16,trial,1235
symbol_search,356,1,17,trial,2983
symbol_search,356,1,18,trial,1634
symbol_search,356,2,1,trial,2351
symbol_search,356,2,2,trial,2017
symbol_search,356,2,3,trial,2317
symbol_search,356,2,4,trial,1834
symbol_search,356,2,5,trial,2350
symbol_search,356,2,6,trial,1501
symbol_search,356,2,7,trial,2434
symbol_search,356,2,8,trial,1851
symbol_search,356,2,9,trial,3600
symbol_search,356,2,10,trial,1834
symbol_search,356,2,11,trial,1851
symbol_search,356,2,12,trial,2619
symbol_search,356,2,13,trial,1484
symbol_search,356,2,14,trial,2695
symbol_search,356,2,15,trial,2420
symbol_search,356,2,16,trial,2184
symbol_search,356,2,17,trial,1933
symbol_search,356,2,18,trial,1385
symbol_search,356,3,1,trial,1639
symbol_search,356,3,2,trial,2250
symbol_search,356,3,3,trial,1751
symbol_search,356,3,4,trial,2899
symbol_search,356,3,5,trial,1784
symbol_search,356,3,6,trial,1667
symbol_search,356,3,7,trial,1398
symbol_search,356,3,8,trial,2434
symbol_search,356,3,9,trial,1735
symbol_search,356,3,10,trial,1799
symbol_search,356,3,11,trial,2794
symbol_search,356,3,12,trial,2051
symbol_search,356,3,13,trial,1484
symbol_search,356,3,14,trial,2619
symbol_search,356,3,15,trial,1483
symbol_search,356,3,16,trial,1517
symbol_search,356,3,17,trial,2183
symbol_search,356,3,18,trial,2300
symbol_search,357,1,1,trial,1016
symbol_search,357,1,2,trial,1908
symbol_search,357,1,3,trial,1367
symbol_search,357,1,4,trial,1501
symbol_search,357,1,5,trial,2645
symbol_search,357,1,6,trial,1718
symbol_search,357,1,7,trial,1340
symbol_search,357,1,8,trial,2724
symbol_search,357,1,9,trial,2035
symbol_search,357,1,10,trial,1550
symbol_search,357,1,11,trial,2852
symbol_search,357,1,12,trial,3022
symbol_search,357,1,13,trial,2084
symbol_search,357,1,14,trial,2800
symbol_search,357,1,15,trial,1917
symbol_search,357,1,16,trial,2767
symbol_search,357,1,17,trial,2736
symbol_search,357,1,18,trial,1748
symbol_search,357,2,1,trial,2752
symbol_search,357,2,2,trial,2720
symbol_search,357,2,3,trial,1417
symbol_search,357,2,4,trial,4034
symbol_search,357,2,5,trial,2101
symbol_search,357,2,6,trial,2383
symbol_search,357,2,7,trial,2631
symbol_search,357,2,8,trial,2853
symbol_search,357,2,9,trial,3251
symbol_search,357,2,10,trial,2717
symbol_search,357,2,11,trial,2955
symbol_search,357,2,12,trial,4435
symbol_search,357,2,13,trial,2584
symbol_search,357,2,14,trial,3350
symbol_search,357,2,15,trial,2984
symbol_search,357,2,16,trial,1383
symbol_search,357,2,17,trial,2483
symbol_search,357,2,18,trial,4887
symbol_search,357,3,1,trial,1840
symbol_search,357,3,2,trial,2016
symbol_search,357,3,3,trial,1284
symbol_search,357,3,4,trial,3051
symbol_search,357,3,5,trial,1821
symbol_search,357,3,6,trial,2399
symbol_search,357,3,7,trial,3002
symbol_search,357,3,8,trial,1818
symbol_search,357,3,9,trial,1716
symbol_search,357,3,10,trial,1319
symbol_search,357,3,11,trial,1585
symbol_search,357,3,12,trial,3667
symbol_search,357,3,13,trial,1300
symbol_search,357,3,14,trial,2350
symbol_search,357,3,15,trial,2533
symbol_search,357,3,16,trial,1887
symbol_search,357,3,17,trial,2568
symbol_search,357,3,18,trial,1700
symbol_search,358,1,1,trial,2574
symbol_search,358,1,2,trial,2674
symbol_search,358,1,3,trial,1419
symbol_search,358,1,4,trial,1879
symbol_search,358,1,5,trial,2347
symbol_search,358,1,6,trial,1308
symbol_search,358,1,7,trial,2520
symbol_search,358,1,8,trial,1762
symbol_search,358,1,9,trial,2133
symbol_search,358,1,10,trial,1683
symbol_search,358,1,11,trial,1233
symbol_search,358,1,12,trial,1700
symbol_search,358,1,13,trial,2037
symbol_search,358,1,14,trial,1267
symbol_search,358,1,15,trial,1949
symbol_search,358,1,16,trial,1749
symbol_search,358,1,17,trial,1750
symbol_search,358,1,18,trial,3231
symbol_search,358,2,1,trial,1337
symbol_search,358,2,2,trial,1234
symbol_search,358,2,3,trial,1267
symbol_search,358,2,4,trial,1701
symbol_search,358,2,5,trial,1354
symbol_search,358,2,6,trial,1642
symbol_search,358,2,7,trial,1355
symbol_search,358,2,8,trial,2483
symbol_search,358,2,9,trial,1182
symbol_search,358,2,10,trial,1069
symbol_search,358,2,11,trial,1598
symbol_search,358,2,12,trial,2623
symbol_search,358,2,13,trial,3635
symbol_search,358,2,14,trial,1703
symbol_search,358,2,15,trial,3435
symbol_search,358,2,16,trial,2400
symbol_search,358,2,17,trial,1685
symbol_search,358,2,18,trial,1250
symbol_search,358,3,1,trial,1167
symbol_search,358,3,2,trial,1181
symbol_search,358,3,3,trial,1620
symbol_search,358,3,4,trial,1569
symbol_search,358,3,5,trial,2817
symbol_search,358,3,6,trial,2436
symbol_search,358,3,7,trial,1133
symbol_search,358,3,8,trial,1551
symbol_search,358,3,9,trial,2133
symbol_search,358,3,10,trial,1751
symbol_search,358,3,11,trial,2584
symbol_search,358,3,12,trial,1251
symbol_search,358,3,13,trial,1284
symbol_search,358,3,14,trial,1535
symbol_search,358,3,15,trial,1950
symbol_search,358,3,16,trial,1217
symbol_search,358,3,17,trial,3203
symbol_search,358,3,18,trial,1035
symbol_search,359,1,1,trial,1835
symbol_search,359,1,2,trial,1269
symbol_search,359,1,3,trial,9236
symbol_search,359,1,4,trial,1799
symbol_search,359,1,5,trial,3351
symbol_search,359,1,6,trial,1549
symbol_search,359,1,7,trial,1317
symbol_search,359,1,8,trial,2435
symbol_search,359,1,9,trial,2733
symbol_search,359,1,10,trial,3500
symbol_search,359,1,11,trial,2065
symbol_search,359,1,12,trial,1200
symbol_search,359,1,13,trial,2918
symbol_search,359,1,14,trial,1951
symbol_search,359,1,15,trial,1533
symbol_search,359,1,16,trial,1184
symbol_search,359,1,17,trial,3402
symbol_search,359,1,18,trial,2786
symbol_search,359,2,1,trial,2284
symbol_search,359,2,2,trial,2816
symbol_search,359,2,3,trial,2467
symbol_search,359,2,4,trial,2471
symbol_search,359,2,5,trial,1031
symbol_search,359,2,6,trial,1384
symbol_search,359,2,7,trial,1071
symbol_search,359,2,8,trial,1083
symbol_search,359,2,9,trial,2466
symbol_search,359,2,10,trial,950
symbol_search,359,2,11,trial,1600
symbol_search,359,2,13,trial,3348
symbol_search,359,2,14,trial,2267
symbol_search,359,2,15,trial,2584
symbol_search,359,2,16,trial,2866
symbol_search,359,2,17,trial,1667
symbol_search,359,2,18,trial,1934
symbol_search,359,3,1,trial,2688
symbol_search,359,3,2,trial,1971
symbol_search,359,3,3,trial,1096
symbol_search,359,3,4,trial,1364
symbol_search,359,3,5,trial,2701
symbol_search,359,3,6,trial,4483
symbol_search,359,3,7,trial,1652
symbol_search,359,3,8,trial,1268
symbol_search,359,3,9,trial,850
symbol_search,359,3,10,trial,2686
symbol_search,359,3,11,trial,1115
symbol_search,359,3,12,trial,1583
symbol_search,359,3,13,trial,3833
symbol_search,359,3,14,trial,1084
symbol_search,359,3,15,trial,4218
symbol_search,359,3,16,trial,1433
symbol_search,359,3,17,trial,717
symbol_search,359,3,18,trial,1466
symbol_search,360,1,1,trial,3744
symbol_search,360,1,2,trial,2420
symbol_search,360,1,3,trial,4035
symbol_search,360,1,4,trial,3573
symbol_search,360,1,5,trial,1932
symbol_search,360,1,6,trial,1217
symbol_search,360,1,7,trial,1967
symbol_search,360,1,8,trial,2299
symbol_search,360,1,9,trial,2300
symbol_search,360,1,10,trial,3468
symbol_search,360,1,11,trial,1684
symbol_search,360,1,12,trial,2784
symbol_search,360,1,13,trial,1868
symbol_search,360,1,14,trial,3783
symbol_search,360,1,15,trial,3317
symbol_search,360,1,16,trial,1300
symbol_search,360,1,17,trial,2533
symbol_search,360,1,18,trial,2866
symbol_search,360,2,1,trial,2072
symbol_search,360,2,2,trial,2266
symbol_search,360,2,3,trial,2466
symbol_search,360,2,4,trial,1233
symbol_search,360,2,5,trial,2917
symbol_search,360,2,6,trial,1985
symbol_search,360,2,7,trial,1218
symbol_search,360,2,8,trial,1283
symbol_search,360,2,9,trial,2152
symbol_search,360,2,10,trial,1767
symbol_search,360,2,11,trial,1437
symbol_search,360,2,12,trial,3300
symbol_search,360,2,13,trial,2267
symbol_search,360,2,14,trial,1768
symbol_search,360,2,15,trial,1933
symbol_search,360,2,16,trial,2501
symbol_search,360,2,17,trial,1849
symbol_search,360,2,18,trial,2868
symbol_search,360,3,1,trial,3118
symbol_search,360,3,2,trial,3671
symbol_search,360,3,3,trial,1325
symbol_search,360,3,4,trial,2693
symbol_search,360,3,5,trial,2401
symbol_search,360,3,6,trial,2149
symbol_search,360,3,7,trial,1850
symbol_search,360,3,8,trial,1749
symbol_search,360,3,9,trial,1884
symbol_search,360,3,10,trial,2750
symbol_search,360,3,11,trial,1534
symbol_search,360,3,12,trial,1398
symbol_search,360,3,13,trial,2535
symbol_search,360,3,14,trial,2467
symbol_search,360,3,15,trial,1969
symbol_search,360,3,16,trial,1884
symbol_search,360,3,17,trial,1733
symbol_search,360,3,18,trial,5953
symbol_search,361,1,1,trial,3706
symbol_search,361,1,2,trial,2701
symbol_search,361,1,3,trial,1734
symbol_search,361,1,4,trial,1118
symbol_search,361,1,5,trial,1702
symbol_search,361,1,6,trial,2201
symbol_search,361,1,7,trial,2034
symbol_search,361,1,8,trial,4286
symbol_search,361,1,9,trial,4567
symbol_search,361,1,10,trial,2833
symbol_search,361,1,11,trial,3086
symbol_search,361,1,12,trial,3150
symbol_search,361,1,13,trial,1719
symbol_search,361,1,14,trial,3434
symbol_search,361,1,15,trial,4330
symbol_search,361,1,16,trial,5643
symbol_search,361,1,17,trial,3202
symbol_search,361,1,18,trial,4252
symbol_search,361,2,1,trial,2185
symbol_search,361,2,2,trial,3065
symbol_search,361,2,3,trial,2552
symbol_search,361,2,4,trial,2868
symbol_search,361,2,5,trial,3650
symbol_search,361,2,6,trial,2701
symbol_search,361,2,7,trial,4350
symbol_search,361,2,8,trial,4534
symbol_search,361,2,9,trial,2234
symbol_search,361,2,10,trial,2626
symbol_search,361,2,11,trial,4326
symbol_search,361,2,12,trial,5701
symbol_search,361,2,14,trial,2783
symbol_search,361,2,15,trial,4168
symbol_search,361,2,16,trial,3418
symbol_search,361,2,17,trial,2367
symbol_search,361,2,18,trial,2651
symbol_search,361,3,1,trial,3723
symbol_search,361,3,2,trial,2217
symbol_search,361,3,3,trial,1885
symbol_search,361,3,4,trial,1668
symbol_search,361,3,5,trial,1733
symbol_search,361,3,6,trial,1801
symbol_search,361,3,7,trial,3167
symbol_search,361,3,8,trial,2336
symbol_search,361,3,9,trial,2816
symbol_search,361,3,10,trial,1750
symbol_search,361,3,11,trial,2267
symbol_search,361,3,12,trial,3303
symbol_search,361,3,13,trial,2500
symbol_search,361,3,14,trial,2834
symbol_search,361,3,15,trial,1401
symbol_search,361,3,16,trial,4117
symbol_search,361,3,17,trial,2484
symbol_search,361,3,18,trial,3349
symbol_search,362,1,1,trial,1682
symbol_search,362,1,2,trial,2361
symbol_search,362,1,3,trial,2625
symbol_search,362,1,4,trial,1783
symbol_search,362,1,5,trial,1633
symbol_search,362,1,6,trial,1566
symbol_search,362,1,7,trial,2734
symbol_search,362,1,8,trial,3117
symbol_search,362,1,9,trial,4201
symbol_search,362,1,10,trial,2198
symbol_search,362,1,11,trial,5219
symbol_search,362,1,12,trial,2735
symbol_search,362,1,13,trial,1367
symbol_search,362,1,14,trial,2784
symbol_search,362,1,15,trial,2967
symbol_search,362,1,16,trial,2101
symbol_search,362,1,17,trial,1249
symbol_search,362,1,18,trial,2651
symbol_search,362,2,1,trial,2167
symbol_search,362,2,2,trial,3641
symbol_search,362,2,3,trial,1952
symbol_search,362,2,4,trial,2972
symbol_search,362,2,5,trial,2678
symbol_search,362,2,6,trial,3233
symbol_search,362,2,7,trial,2117
symbol_search,362,2,8,trial,2949
symbol_search,362,2,9,trial,3235
symbol_search,362,2,10,trial,4302
symbol_search,362,2,11,trial,3267
symbol_search,362,2,12,trial,2333
symbol_search,362,2,13,trial,1667
symbol_search,362,2,14,trial,2270
symbol_search,362,2,15,trial,1717
symbol_search,362,2,16,trial,2933
symbol_search,362,2,18,trial,2050
symbol_search,362,3,1,trial,1602
symbol_search,362,3,2,trial,2616
symbol_search,362,3,3,trial,3236
symbol_search,362,3,4,trial,2186
symbol_search,362,3,5,trial,3066
symbol_search,362,3,6,trial,1616
symbol_search,362,3,7,trial,1600
symbol_search,362,3,8,trial,1782
symbol_search,362,3,9,trial,3050
symbol_search,362,3,10,trial,1266
symbol_search,362,3,11,trial,3117
symbol_search,362,3,12,trial,2717
symbol_search,362,3,13,trial,2453
symbol_search,362,3,14,trial,1833
symbol_search,362,3,15,trial,3084
symbol_search,362,3,16,trial,3485
symbol_search,362,3,17,trial,4319
symbol_search,362,3,18,trial,2328
