id,session,session_seq,visit_id,trial,trial_type,response_time,accuracy
305,1,1,305_1_2023-08-02,1,NORMAL,4011,1
305,1,1,305_1_2023-08-02,2,LURE,4858,1
305,1,1,305_1_2023-08-02,3,LURE,2377,0
305,1,1,305_1_2023-08-02,4,NORMAL,2873,1
305,1,1,305_1_2023-08-02,5,NORMAL,3537,1
305,1,1,305_1_2023-08-02,6,NORMAL,3100,1
305,1,1,305_1_2023-08-02,7,NORMAL,3799,1
305,1,1,305_1_2023-08-02,8,NORMAL,2672,1
305,1,1,305_1_2023-08-02,9,NORMAL,4540,1
305,1,1,305_1_2023-08-02,10,NORMAL,3592,1
305,1,1,305_1_2023-08-02,11,LURE,3688,1
305,1,1,305_1_2023-08-02,12,LURE,3825,1
305,1,1,305_1_2023-08-02,13,LURE,3349,1
305,1,1,305_1_2023-08-02,14,NORMAL,2336,1
305,1,1,305_1_2023-08-02,15,LURE,3454,1
305,1,1,305_1_2023-08-02,16,LURE,4908,1
305,1,1,305_1_2023-08-02,17,LURE,3321,1
305,1,1,305_1_2023-08-02,18,LURE,3839,1
305,2,2,305_2_2023-08-02,1,LURE,3388,1
305,2,2,305_2_2023-08-02,2,NORMAL,1544,1
305,2,2,305_2_2023-08-02,3,NORMAL,1880,1
305,2,2,305_2_2023-08-02,4,LURE,3082,1
305,2,2,305_2_2023-08-02,5,NORMAL,4588,1
305,2,2,305_2_2023-08-02,6,NORMAL,3630,1
305,2,2,305_2_2023-08-02,7,NORMAL,2854,1
305,2,2,305_2_2023-08-02,8,LURE,1751,1
305,2,2,305_2_2023-08-02,9,LURE,2531,1
305,2,2,305_2_2023-08-02,10,LURE,2159,1
305,2,2,305_2_2023-08-02,11,LURE,2798,1
305,2,2,305_2_2023-08-02,12,LURE,3239,1
305,2,2,305_2_2023-08-02,13,NORMAL,2638,1
305,2,2,305_2_2023-08-02,14,NORMAL,3526,1
305,2,2,305_2_2023-08-02,15,NORMAL,2054,1
305,2,2,305_2_2023-08-02,16,LURE,3529,1
305,2,2,305_2_2023-08-02,17,NORMAL,3882,1
305,2,2,305_2_2023-08-02,18,LURE,4426,1
305,3,3,305_3_2023-08-02,1,LURE,2750,1
305,3,3,305_3_2023-08-02,2,NORMAL,3355,1
305,3,3,305_3_2023-08-02,3,LURE,3257,1
305,3,3,305_3_2023-08-02,4,LURE,3100,1
305,3,3,305_3_2023-08-02,5,LURE,3760,1
305,3,3,305_3_2023-08-02,6,NORMAL,4243,1
305,3,3,305_3_2023-08-02,7,LURE,3916,1
305,3,3,305_3_2023-08-02,8,LURE,2448,1
305,3,3,305_3_2023-08-02,9,LURE,3154,1
305,3,3,305_3_2023-08-02,10,LURE,2168,1
305,3,3,305_3_2023-08-02,11,NORMAL,3239,1
305,3,3,305_3_2023-08-02,12,NORMAL,2427,1
305,3,3,305_3_2023-08-02,13,NORMAL,2002,1
305,3,3,305_3_2023-08-02,14,LURE,2054,1
305,3,3,305_3_2023-08-02,15,NORMAL,3152,1
305,3,3,305_3_2023-08-02,16,NORMAL,2276,1
305,3,3,305_3_2023-08-02,17,NORMAL,2067,1
305,3,3,305_3_2023-08-02,18,NORMAL,3091,1
306,1,1,306_1_2023-08-08,1,NORMAL,3337,1
306,1,1,306_1_2023-08-08,2,NORMAL,10290,1
306,1,1,306_1_2023-08-08,3,LURE,2490,1
306,1,1,306_1_2023-08-08,4,NORMAL,2481,1
306,1,1,306_1_2023-08-08,5,NORMAL,2903,1
306,1,1,306_1_2023-08-08,6,NORMAL,3239,1
306,1,1,306_1_2023-08-08,7,NORMAL,2265,1
306,1,1,306_1_2023-08-08,8,NORMAL,2331,1
306,1,1,306_1_2023-08-08,9,NORMAL,3202,1
306,1,1,306_1_2023-08-08,10,LURE,2557,1
306,1,1,306_1_2023-08-08,11,LURE,1901,0
306,1,1,306_1_2023-08-08,12,LURE,2473,1
306,1,1,306_1_2023-08-08,13,LURE,3462,1
306,1,1,306_1_2023-08-08,14,NORMAL,1561,1
306,1,1,306_1_2023-08-08,15,LURE,2577,1
306,1,1,306_1_2023-08-08,16,LURE,2098,1
306,1,1,306_1_2023-08-08,17,LURE,3002,1
306,1,1,306_1_2023-08-08,18,LURE,2730,1
306,2,2,306_2_2023-08-08,1,NORMAL,1685,1
306,2,2,306_2_2023-08-08,2,LURE,1558,1
306,2,2,306_2_2023-08-08,3,LURE,2021,1
306,2,2,306_2_2023-08-08,4,NORMAL,1432,1
306,2,2,306_2_2023-08-08,5,LURE,2778,1
306,2,2,306_2_2023-08-08,6,NORMAL,2865,1
306,2,2,306_2_2023-08-08,7,LURE,3964,1
306,2,2,306_2_2023-08-08,8,NORMAL,3939,1
306,2,2,306_2_2023-08-08,9,LURE,4687,1
306,2,2,306_2_2023-08-08,10,LURE,2798,1
306,2,2,306_2_2023-08-08,11,NORMAL,3661,1
306,2,2,306_2_2023-08-08,12,NORMAL,4171,1
306,2,2,306_2_2023-08-08,13,LURE,4002,1
306,2,2,306_2_2023-08-08,14,LURE,2564,1
306,2,2,306_2_2023-08-08,15,NORMAL,3209,1
306,2,2,306_2_2023-08-08,16,NORMAL,2856,1
306,2,2,306_2_2023-08-08,17,LURE,3433,1
306,2,2,306_2_2023-08-08,18,NORMAL,3086,1
306,3,3,306_3_2023-08-08,1,LURE,2208,1
306,3,3,306_3_2023-08-08,2,LURE,3712,1
306,3,3,306_3_2023-08-08,3,NORMAL,2362,1
306,3,3,306_3_2023-08-08,4,NORMAL,3171,1
306,3,3,306_3_2023-08-08,5,NORMAL,3156,1
306,3,3,306_3_2023-08-08,6,NORMAL,2968,1
306,3,3,306_3_2023-08-08,7,LURE,3085,1
306,3,3,306_3_2023-08-08,8,LURE,2174,1
306,3,3,306_3_2023-08-08,9,LURE,2558,0
306,3,3,306_3_2023-08-08,10,NORMAL,4172,1
306,3,3,306_3_2023-08-08,11,LURE,3829,1
306,3,3,306_3_2023-08-08,12,LURE,2199,1
306,3,3,306_3_2023-08-08,13,LURE,4628,1
306,3,3,306_3_2023-08-08,14,NORMAL,3037,1
306,3,3,306_3_2023-08-08,15,NORMAL,2192,1
306,3,3,306_3_2023-08-08,16,LURE,2188,1
306,3,3,306_3_2023-08-08,17,NORMAL,3608,1
306,3,3,306_3_2023-08-08,18,NORMAL,4140,1
308,1,1,308_1_2023-08-18,1,LURE,3933,1
308,1,1,308_1_2023-08-18,2,LURE,1701,1
308,1,1,308_1_2023-08-18,3,NORMAL,1336,1
308,1,1,308_1_2023-08-18,4,NORMAL,4389,1
308,1,1,308_1_2023-08-18,5,NORMAL,2565,1
308,1,1,308_1_2023-08-18,6,LURE,2938,1
308,1,1,308_1_2023-08-18,7,LURE,2075,1
308,1,1,308_1_2023-08-18,8,LURE,2711,1
308,1,1,308_1_2023-08-18,9,LURE,1867,1
308,1,1,308_1_2023-08-18,10,NORMAL,2716,1
308,1,1,308_1_2023-08-18,11,NORMAL,2628,1
308,1,1,308_1_2023-08-18,12,NORMAL,2373,1
308,1,1,308_1_2023-08-18,13,NORMAL,2847,1
308,1,1,308_1_2023-08-18,14,LURE,1676,1
308,1,1,308_1_2023-08-18,15,NORMAL,2643,1
308,1,1,308_1_2023-08-18,16,LURE,2519,1
308,1,1,308_1_2023-08-18,17,NORMAL,4360,1
308,1,1,308_1_2023-08-18,18,LURE,2492,1
308,2,2,308_2_2023-08-18,1,NORMAL,7968,1
308,2,2,308_2_2023-08-18,2,LURE,5112,1
308,2,2,308_2_2023-08-18,3,LURE,1643,1
308,2,2,308_2_2023-08-18,4,LURE,5832,1
308,2,2,308_2_2023-08-18,5,LURE,1803,0
308,2,2,308_2_2023-08-18,6,LURE,1865,1
308,2,2,308_2_2023-08-18,7,NORMAL,912,1
308,2,2,308_2_2023-08-18,8,NORMAL,2169,1
308,2,2,308_2_2023-08-18,9,NORMAL,1782,1
308,2,2,308_2_2023-08-18,10,NORMAL,3756,1
308,2,2,308_2_2023-08-18,11,NORMAL,3236,1
308,2,2,308_2_2023-08-18,12,NORMAL,1072,1
308,2,2,308_2_2023-08-18,13,LURE,2350,1
308,2,2,308_2_2023-08-18,14,NORMAL,4080,1
308,2,2,308_2_2023-08-18,15,LURE,2016,1
308,2,2,308_2_2023-08-18,16,LURE,4356,1
308,2,2,308_2_2023-08-18,17,LURE,1780,1
308,2,2,308_2_2023-08-18,18,NORMAL,1420,0
308,3,3,308_3_2023-08-18,1,NORMAL,4922,1
308,3,3,308_3_2023-08-18,2,NORMAL,1903,1
308,3,3,308_3_2023-08-18,3,NORMAL,1848,1
308,3,3,308_3_2023-08-18,4,LURE,2234,1
308,3,3,308_3_2023-08-18,5,NORMAL,4277,1
308,3,3,308_3_2023-08-18,6,LURE,3086,1
308,3,3,308_3_2023-08-18,7,NORMAL,1935,1
308,3,3,308_3_2023-08-18,8,NORMAL,4071,1
308,3,3,308_3_2023-08-18,9,LURE,2380,1
308,3,3,308_3_2023-08-18,10,NORMAL,1204,1
308,3,3,308_3_2023-08-18,11,LURE,2152,1
308,3,3,308_3_2023-08-18,12,LURE,1919,1
308,3,3,308_3_2023-08-18,13,LURE,3576,0
308,3,3,308_3_2023-08-18,14,LURE,2607,1
308,3,3,308_3_2023-08-18,15,LURE,3455,1
308,3,3,308_3_2023-08-18,16,NORMAL,2681,1
308,3,3,308_3_2023-08-18,17,NORMAL,4621,1
308,3,3,308_3_2023-08-18,18,LURE,3284,1
309,1,1,309_1_2023-09-12,1,LURE,5456,1
309,1,1,309_1_2023-09-12,2,LURE,2044,1
309,1,1,309_1_2023-09-12,3,NORMAL,2923,1
309,1,1,309_1_2023-09-12,4,LURE,2036,1
309,1,1,309_1_2023-09-12,5,NORMAL,2925,1
309,1,1,309_1_2023-09-12,6,NORMAL,1683,1
309,1,1,309_1_2023-09-12,7,LURE,1650,1
309,1,1,309_1_2023-09-12,8,NORMAL,2382,1
309,1,1,309_1_2023-09-12,9,NORMAL,2401,1
309,1,1,309_1_2023-09-12,10,NORMAL,2384,1
309,1,1,309_1_2023-09-12,11,LURE,1275,0
309,1,1,309_1_2023-09-12,12,NORMAL,1004,1
309,1,1,309_1_2023-09-12,13,NORMAL,1350,1
309,1,1,309_1_2023-09-12,14,LURE,1576,1
309,1,1,309_1_2023-09-12,15,LURE,1300,0
309,1,1,309_1_2023-09-12,16,LURE,1251,1
309,1,1,309_1_2023-09-12,17,NORMAL,2073,1
309,1,1,309_1_2023-09-12,18,LURE,1260,1
309,2,2,309_2_2023-09-12,1,NORMAL,3301,1
309,2,2,309_2_2023-09-12,2,LURE,1550,1
309,2,2,309_2_2023-09-12,3,NORMAL,1084,1
309,2,2,309_2_2023-09-12,4,LURE,1651,1
309,2,2,309_2_2023-09-12,5,LURE,1568,1
309,2,2,309_2_2023-09-12,6,NORMAL,1800,1
309,2,2,309_2_2023-09-12,7,LURE,1383,1
309,2,2,309_2_2023-09-12,8,NORMAL,1536,1
309,2,2,309_2_2023-09-12,9,LURE,1581,0
309,2,2,309_2_2023-09-12,10,NORMAL,3115,1
309,2,2,309_2_2023-09-12,11,NORMAL,933,1
309,2,2,309_2_2023-09-12,12,NORMAL,1585,1
309,2,2,309_2_2023-09-12,13,NORMAL,2042,1
309,2,2,309_2_2023-09-12,14,LURE,1292,1
309,2,2,309_2_2023-09-12,15,LURE,1401,0
309,2,2,309_2_2023-09-12,16,NORMAL,1517,1
309,2,2,309_2_2023-09-12,17,LURE,1200,1
309,2,2,309_2_2023-09-12,18,LURE,1033,1
312,1,1,312_1_2023-09-12,1,NORMAL,2288,1
312,1,1,312_1_2023-09-12,2,LURE,11479,1
312,1,1,312_1_2023-09-12,3,LURE,2377,1
312,1,1,312_1_2023-09-12,4,NORMAL,2475,1
312,1,1,312_1_2023-09-12,5,LURE,1383,1
312,1,1,312_1_2023-09-12,6,NORMAL,2299,1
312,1,1,312_1_2023-09-12,7,NORMAL,2599,1
312,1,1,312_1_2023-09-12,8,NORMAL,2900,1
312,1,1,312_1_2023-09-12,9,LURE,2762,1
312,1,1,312_1_2023-09-12,10,LURE,2018,1
312,1,1,312_1_2023-09-12,11,LURE,3068,1
312,1,1,312_1_2023-09-12,12,LURE,2419,1
312,1,1,312_1_2023-09-12,13,NORMAL,2260,1
312,1,1,312_1_2023-09-12,14,LURE,2116,1
312,1,1,312_1_2023-09-12,15,NORMAL,2367,1
312,1,1,312_1_2023-09-12,16,NORMAL,2049,1
312,1,1,312_1_2023-09-12,17,LURE,2833,1
312,1,1,312_1_2023-09-12,18,NORMAL,3200,1
312,2,2,312_2_2023-09-12,1,LURE,1953,1
312,2,2,312_2_2023-09-12,2,LURE,1968,1
312,2,2,312_2_2023-09-12,3,NORMAL,1800,1
312,2,2,312_2_2023-09-12,4,LURE,1186,0
312,2,2,312_2_2023-09-12,5,NORMAL,1485,1
312,2,2,312_2_2023-09-12,6,NORMAL,2051,1
312,2,2,312_2_2023-09-12,7,NORMAL,1733,1
312,2,2,312_2_2023-09-12,8,LURE,2334,1
312,2,2,312_2_2023-09-12,9,NORMAL,1934,1
312,2,2,312_2_2023-09-12,10,NORMAL,1619,1
312,2,2,312_2_2023-09-12,11,LURE,1953,1
312,2,2,312_2_2023-09-12,12,NORMAL,2384,1
312,2,2,312_2_2023-09-12,13,LURE,2369,1
312,2,2,312_2_2023-09-12,14,LURE,3784,1
312,2,2,312_2_2023-09-12,15,LURE,2584,1
312,2,2,312_2_2023-09-12,16,NORMAL,1136,1
312,2,2,312_2_2023-09-12,17,NORMAL,4751,1
312,2,2,312_2_2023-09-12,18,LURE,1278,1
312,3,3,312_3_2023-09-12,1,LURE,5641,1
312,3,3,312_3_2023-09-12,2,NORMAL,2501,1
312,3,3,312_3_2023-09-12,3,NORMAL,1901,1
312,3,3,312_3_2023-09-12,4,NORMAL,1503,1
312,3,3,312_3_2023-09-12,5,NORMAL,1334,1
312,3,3,312_3_2023-09-12,6,NORMAL,1852,1
312,3,3,312_3_2023-09-12,7,LURE,2667,1
312,3,3,312_3_2023-09-12,8,NORMAL,2699,1
312,3,3,312_3_2023-09-12,9,LURE,2723,1
312,3,3,312_3_2023-09-12,10,LURE,1858,1
312,3,3,312_3_2023-09-12,11,LURE,2702,1
312,3,3,312_3_2023-09-12,12,LURE,2152,1
312,3,3,312_3_2023-09-12,13,LURE,3018,1
312,3,3,312_3_2023-09-12,14,LURE,2000,0
312,3,3,312_3_2023-09-12,15,NORMAL,982,1
312,3,3,312_3_2023-09-12,16,LURE,1069,1
312,3,3,312_3_2023-09-12,17,NORMAL,1310,1
312,3,3,312_3_2023-09-12,18,NORMAL,1096,1
313,1,1,313_1_2023-11-14,1,NORMAL,1662,1
313,1,1,313_1_2023-11-14,2,NORMAL,2600,1
313,1,1,313_1_2023-11-14,3,NORMAL,2175,1
313,1,1,313_1_2023-11-14,4,NORMAL,1850,1
313,1,1,313_1_2023-11-14,5,NORMAL,2323,1
313,1,1,313_1_2023-11-14,6,NORMAL,2935,1
313,1,1,313_1_2023-11-14,7,LURE,1021,0
313,1,1,313_1_2023-11-14,8,NORMAL,1971,1
313,1,1,313_1_2023-11-14,9,LURE,1900,1
313,1,1,313_1_2023-11-14,10,LURE,1785,1
313,1,1,313_1_2023-11-14,11,NORMAL,1785,1
313,1,1,313_1_2023-11-14,12,NORMAL,1441,1
313,1,1,313_1_2023-11-14,13,LURE,2068,1
313,1,1,313_1_2023-11-14,14,LURE,1951,1
313,1,1,313_1_2023-11-14,15,LURE,1017,1
313,1,1,313_1_2023-11-14,16,LURE,1333,1
313,1,1,313_1_2023-11-14,17,LURE,918,1
313,1,1,313_1_2023-11-14,18,LURE,749,0
313,2,2,313_2_2023-11-14,1,LURE,1415,1
313,2,2,313_2_2023-11-14,2,NORMAL,1682,1
313,2,2,313_2_2023-11-14,3,LURE,3235,1
313,2,2,313_2_2023-11-14,4,LURE,1564,1
313,2,2,313_2_2023-11-14,5,NORMAL,1665,0
313,2,2,313_2_2023-11-14,6,NORMAL,2734,1
313,2,2,313_2_2023-11-14,7,LURE,1317,1
313,2,2,313_2_2023-11-14,8,LURE,1117,1
313,2,2,313_2_2023-11-14,9,LURE,2900,1
313,2,2,313_2_2023-11-14,10,NORMAL,1669,1
313,2,2,313_2_2023-11-14,11,LURE,1452,0
313,2,2,313_2_2023-11-14,12,NORMAL,2852,1
313,2,2,313_2_2023-11-14,13,LURE,1600,1
313,2,2,313_2_2023-11-14,14,LURE,935,0
313,2,2,313_2_2023-11-14,15,NORMAL,1634,1
313,2,2,313_2_2023-11-14,16,NORMAL,1350,1
313,2,2,313_2_2023-11-14,17,NORMAL,2102,1
313,2,2,313_2_2023-11-14,18,NORMAL,6783,1
313,3,3,313_3_2023-11-14,1,LURE,1299,1
313,3,3,313_3_2023-11-14,2,LURE,783,1
313,3,3,313_3_2023-11-14,3,NORMAL,1268,1
313,3,3,313_3_2023-11-14,4,NORMAL,1466,1
313,3,3,313_3_2023-11-14,5,LURE,1518,0
313,3,3,313_3_2023-11-14,6,LURE,853,1
313,3,3,313_3_2023-11-14,7,NORMAL,2067,1
313,3,3,313_3_2023-11-14,8,LURE,1934,1
313,3,3,313_3_2023-11-14,9,LURE,1166,0
313,3,3,313_3_2023-11-14,10,NORMAL,1184,1
313,3,3,313_3_2023-11-14,11,NORMAL,1467,1
313,3,3,313_3_2023-11-14,12,NORMAL,2116,1
313,3,3,313_3_2023-11-14,13,LURE,1766,0
313,3,3,313_3_2023-11-14,14,LURE,1233,1
313,3,3,313_3_2023-11-14,15,NORMAL,2817,1
313,3,3,313_3_2023-11-14,16,NORMAL,2834,1
313,3,3,313_3_2023-11-14,17,LURE,2119,1
313,3,3,313_3_2023-11-14,18,NORMAL,1234,1
314,1,1,314_1_2023-09-14,1,NORMAL,2092,1
314,1,1,314_1_2023-09-14,2,NORMAL,1833,1
314,1,1,314_1_2023-09-14,3,LURE,2445,1
314,1,1,314_1_2023-09-14,4,NORMAL,1618,1
314,1,1,314_1_2023-09-14,5,NORMAL,1268,1
314,1,1,314_1_2023-09-14,6,NORMAL,2223,1
314,1,1,314_1_2023-09-14,7,NORMAL,1736,1
314,1,1,314_1_2023-09-14,8,LURE,1147,1
314,1,1,314_1_2023-09-14,9,LURE,2434,1
314,1,1,314_1_2023-09-14,10,NORMAL,2201,1
314,1,1,314_1_2023-09-14,11,LURE,2301,1
314,1,1,314_1_2023-09-14,12,NORMAL,1183,1
314,1,1,314_1_2023-09-14,13,NORMAL,2203,1
314,1,1,314_1_2023-09-14,14,LURE,1541,1
314,1,1,314_1_2023-09-14,15,LURE,1309,1
314,1,1,314_1_2023-09-14,16,LURE,1900,1
314,1,1,314_1_2023-09-14,17,LURE,1426,1
314,1,1,314_1_2023-09-14,18,LURE,1529,1
314,2,2,314_2_2023-09-14,1,NORMAL,1288,1
314,2,2,314_2_2023-09-14,2,NORMAL,1466,1
314,2,2,314_2_2023-09-14,3,NORMAL,1590,1
314,2,2,314_2_2023-09-14,4,NORMAL,1621,1
314,2,2,314_2_2023-09-14,5,NORMAL,1317,1
314,2,2,314_2_2023-09-14,6,LURE,1783,1
314,2,2,314_2_2023-09-14,7,LURE,1519,1
314,2,2,314_2_2023-09-14,8,NORMAL,2645,1
314,2,2,314_2_2023-09-14,9,NORMAL,1685,1
314,2,2,314_2_2023-09-14,10,LURE,1384,1
314,2,2,314_2_2023-09-14,11,NORMAL,2250,1
314,2,2,314_2_2023-09-14,12,LURE,1885,1
314,2,2,314_2_2023-09-14,13,LURE,1797,1
314,2,2,314_2_2023-09-14,14,NORMAL,1967,1
314,2,2,314_2_2023-09-14,15,LURE,2468,1
314,2,2,314_2_2023-09-14,16,LURE,1332,1
314,2,2,314_2_2023-09-14,17,LURE,1475,0
314,2,2,314_2_2023-09-14,18,LURE,1252,1
314,3,3,314_3_2023-09-14,1,NORMAL,2734,1
314,3,3,314_3_2023-09-14,2,NORMAL,1300,1
314,3,3,314_3_2023-09-14,3,LURE,2635,1
314,3,3,314_3_2023-09-14,4,NORMAL,1531,1
314,3,3,314_3_2023-09-14,5,NORMAL,2651,1
314,3,3,314_3_2023-09-14,6,LURE,2434,1
314,3,3,314_3_2023-09-14,7,LURE,3116,1
314,3,3,314_3_2023-09-14,8,LURE,3235,1
314,3,3,314_3_2023-09-14,9,LURE,2551,0
314,3,3,314_3_2023-09-14,10,LURE,1610,1
314,3,3,314_3_2023-09-14,11,NORMAL,1929,1
314,3,3,314_3_2023-09-14,12,LURE,1367,1
314,3,3,314_3_2023-09-14,13,LURE,2302,1
314,3,3,314_3_2023-09-14,14,NORMAL,1200,1
314,3,3,314_3_2023-09-14,15,LURE,1320,1
314,3,3,314_3_2023-09-14,16,NORMAL,1409,1
314,3,3,314_3_2023-09-14,17,NORMAL,2082,1
314,3,3,314_3_2023-09-14,18,NORMAL,1668,1
315,1,1,315_1_2023-10-11,1,NORMAL,4005,1
315,1,1,315_1_2023-10-11,2,NORMAL,4170,1
315,1,1,315_1_2023-10-11,3,NORMAL,1967,1
315,1,1,315_1_2023-10-11,4,NORMAL,4330,1
315,1,1,315_1_2023-10-11,5,LURE,3149,1
315,1,1,315_1_2023-10-11,6,NORMAL,4593,1
315,1,1,315_1_2023-10-11,7,NORMAL,4566,1
315,1,1,315_1_2023-10-11,8,LURE,4232,1
315,1,1,315_1_2023-10-11,9,LURE,7550,1
315,1,1,315_1_2023-10-11,10,LURE,3680,1
315,1,1,315_1_2023-10-11,11,LURE,3098,1
315,1,1,315_1_2023-10-11,12,LURE,5066,1
315,1,1,315_1_2023-10-11,13,NORMAL,4283,1
315,1,1,315_1_2023-10-11,14,LURE,3232,1
315,1,1,315_1_2023-10-11,15,NORMAL,6551,1
315,1,1,315_1_2023-10-11,16,LURE,3134,1
315,1,1,315_1_2023-10-11,17,NORMAL,3148,1
315,1,1,315_1_2023-10-11,18,LURE,4199,1
315,2,2,315_2_2023-10-11,1,NORMAL,3184,1
315,2,2,315_2_2023-10-11,2,LURE,3810,1
315,2,2,315_2_2023-10-11,3,LURE,2643,1
315,2,2,315_2_2023-10-11,4,LURE,2733,1
315,2,2,315_2_2023-10-11,5,LURE,3451,1
315,2,2,315_2_2023-10-11,6,LURE,3151,1
315,2,2,315_2_2023-10-11,7,NORMAL,7753,1
315,2,2,315_2_2023-10-11,8,LURE,2835,1
315,2,2,315_2_2023-10-11,9,NORMAL,3435,1
315,2,2,315_2_2023-10-11,10,LURE,4517,1
315,2,2,315_2_2023-10-11,11,NORMAL,1616,1
315,2,2,315_2_2023-10-11,12,NORMAL,2216,1
315,2,2,315_2_2023-10-11,13,LURE,2534,1
315,2,2,315_2_2023-10-11,14,NORMAL,3135,1
315,2,2,315_2_2023-10-11,15,LURE,5653,1
315,2,2,315_2_2023-10-11,16,NORMAL,4634,1
315,2,2,315_2_2023-10-11,17,NORMAL,3746,1
315,2,2,315_2_2023-10-11,18,NORMAL,3356,1
315,3,3,315_3_2023-10-11,1,NORMAL,3251,1
315,3,3,315_3_2023-10-11,2,NORMAL,4267,1
315,3,3,315_3_2023-10-11,3,LURE,2819,1
315,3,3,315_3_2023-10-11,4,NORMAL,3751,1
315,3,3,315_3_2023-10-11,5,NORMAL,2653,1
315,3,3,315_3_2023-10-11,6,LURE,3368,1
315,3,3,315_3_2023-10-11,7,LURE,6536,1
315,3,3,315_3_2023-10-11,8,NORMAL,6830,1
315,3,3,315_3_2023-10-11,9,LURE,3768,1
315,3,3,315_3_2023-10-11,10,LURE,2933,1
315,3,3,315_3_2023-10-11,11,LURE,5369,1
315,3,3,315_3_2023-10-11,12,NORMAL,2466,1
315,3,3,315_3_2023-10-11,13,LURE,3335,1
315,3,3,315_3_2023-10-11,14,NORMAL,3902,1
315,3,3,315_3_2023-10-11,15,NORMAL,5135,1
315,3,3,315_3_2023-10-11,16,LURE,2336,1
315,3,3,315_3_2023-10-11,17,NORMAL,2001,1
315,3,3,315_3_2023-10-11,18,LURE,3399,1
316,1,1,316_1_2023-10-06,1,LURE,2670,1
316,1,1,316_1_2023-10-06,2,NORMAL,2965,1
316,1,1,316_1_2023-10-06,3,NORMAL,5681,1
316,1,1,316_1_2023-10-06,4,LURE,3966,1
316,1,1,316_1_2023-10-06,5,NORMAL,2114,1
316,1,1,316_1_2023-10-06,6,LURE,5349,1
316,1,1,316_1_2023-10-06,7,LURE,1784,1
316,1,1,316_1_2023-10-06,8,NORMAL,4132,1
316,1,1,316_1_2023-10-06,9,LURE,1965,1
316,1,1,316_1_2023-10-06,10,NORMAL,2531,1
316,1,1,316_1_2023-10-06,11,LURE,2601,1
316,1,1,316_1_2023-10-06,12,NORMAL,3015,1
316,1,1,316_1_2023-10-06,13,NORMAL,2832,1
316,1,1,316_1_2023-10-06,14,LURE,2065,1
316,1,1,316_1_2023-10-06,15,LURE,3631,1
316,1,1,316_1_2023-10-06,16,LURE,4447,1
316,1,1,316_1_2023-10-06,17,NORMAL,3082,1
316,1,1,316_1_2023-10-06,18,NORMAL,4927,1
316,2,2,316_2_2023-10-06,1,LURE,5537,1
316,2,2,316_2_2023-10-06,2,LURE,2517,1
316,2,2,316_2_2023-10-06,3,NORMAL,2470,1
316,2,2,316_2_2023-10-06,4,LURE,3552,1
316,2,2,316_2_2023-10-06,5,LURE,2210,1
316,2,2,316_2_2023-10-06,6,NORMAL,3935,1
316,2,2,316_2_2023-10-06,7,LURE,3934,1
316,2,2,316_2_2023-10-06,8,NORMAL,3468,1
316,2,2,316_2_2023-10-06,9,LURE,1718,1
316,2,2,316_2_2023-10-06,10,NORMAL,3701,1
316,2,2,316_2_2023-10-06,11,NORMAL,2149,1
316,2,2,316_2_2023-10-06,12,LURE,1772,1
316,2,2,316_2_2023-10-06,13,NORMAL,1925,1
316,2,2,316_2_2023-10-06,14,LURE,3687,1
316,2,2,316_2_2023-10-06,15,NORMAL,2136,1
316,2,2,316_2_2023-10-06,16,NORMAL,3301,1
316,2,2,316_2_2023-10-06,17,LURE,1682,1
316,2,2,316_2_2023-10-06,18,NORMAL,2700,1
316,3,3,316_3_2023-10-06,1,LURE,4085,1
316,3,3,316_3_2023-10-06,2,LURE,2322,1
316,3,3,316_3_2023-10-06,3,LURE,2817,1
316,3,3,316_3_2023-10-06,4,LURE,3870,1
316,3,3,316_3_2023-10-06,5,NORMAL,2333,1
316,3,3,316_3_2023-10-06,6,NORMAL,2087,1
316,3,3,316_3_2023-10-06,7,NORMAL,4485,1
316,3,3,316_3_2023-10-06,8,LURE,1967,1
316,3,3,316_3_2023-10-06,9,NORMAL,2936,1
316,3,3,316_3_2023-10-06,10,LURE,2232,1
316,3,3,316_3_2023-10-06,11,NORMAL,2367,1
316,3,3,316_3_2023-10-06,12,NORMAL,1934,1
316,3,3,316_3_2023-10-06,13,LURE,2234,1
316,3,3,316_3_2023-10-06,14,NORMAL,2949,1
316,3,3,316_3_2023-10-06,15,LURE,2051,1
316,3,3,316_3_2023-10-06,16,NORMAL,2132,1
316,3,3,316_3_2023-10-06,17,LURE,4067,1
316,3,3,316_3_2023-10-06,18,NORMAL,1969,1
317,1,1,317_1_2023-10-13,1,LURE,3616,1
317,1,1,317_1_2023-10-13,2,NORMAL,3891,1
317,1,1,317_1_2023-10-13,3,NORMAL,5453,1
317,1,1,317_1_2023-10-13,4,LURE,3286,1
317,1,1,317_1_2023-10-13,5,NORMAL,2767,1
317,1,1,317_1_2023-10-13,6,LURE,1662,1
317,1,1,317_1_2023-10-13,7,NORMAL,4135,1
317,1,1,317_1_2023-10-13,8,NORMAL,4545,1
317,1,1,317_1_2023-10-13,9,LURE,4033,1
317,1,1,317_1_2023-10-13,10,LURE,2367,1
317,1,1,317_1_2023-10-13,11,LURE,3466,1
317,1,1,317_1_2023-10-13,12,LURE,1601,1
317,1,1,317_1_2023-10-13,13,LURE,2483,1
317,1,1,317_1_2023-10-13,14,NORMAL,5785,1
317,1,1,317_1_2023-10-13,15,NORMAL,2184,1
317,1,1,317_1_2023-10-13,16,NORMAL,2467,1
317,1,1,317_1_2023-10-13,17,NORMAL,3285,1
317,1,1,317_1_2023-10-13,18,LURE,2684,1
317,2,2,317_2_2023-10-13,1,LURE,2452,1
317,2,2,317_2_2023-10-13,2,NORMAL,2183,1
317,2,2,317_2_2023-10-13,3,LURE,1819,1
317,2,2,317_2_2023-10-13,4,LURE,3599,1
317,2,2,317_2_2023-10-13,5,NORMAL,3170,1
317,2,2,317_2_2023-10-13,6,NORMAL,1733,1
317,2,2,317_2_2023-10-13,7,LURE,3097,1
317,2,2,317_2_2023-10-13,8,LURE,6836,1
317,2,2,317_2_2023-10-13,9,NORMAL,2066,1
317,2,2,317_2_2023-10-13,10,LURE,2633,1
317,2,2,317_2_2023-10-13,11,NORMAL,3379,1
317,2,2,317_2_2023-10-13,12,NORMAL,2620,1
317,2,2,317_2_2023-10-13,13,NORMAL,1668,1
317,2,2,317_2_2023-10-13,14,LURE,2838,1
317,2,2,317_2_2023-10-13,15,LURE,2968,1
317,2,2,317_2_2023-10-13,16,NORMAL,2552,1
317,2,2,317_2_2023-10-13,17,LURE,2890,1
317,2,2,317_2_2023-10-13,18,NORMAL,2759,1
317,3,3,317_3_2023-10-13,1,NORMAL,2250,1
317,3,3,317_3_2023-10-13,2,LURE,2033,1
317,3,3,317_3_2023-10-13,3,NORMAL,1767,1
317,3,3,317_3_2023-10-13,4,NORMAL,1350,1
317,3,3,317_3_2023-10-13,5,NORMAL,2449,1
317,3,3,317_3_2023-10-13,6,LURE,2318,1
317,3,3,317_3_2023-10-13,7,NORMAL,2501,1
317,3,3,317_3_2023-10-13,8,LURE,2618,1
317,3,3,317_3_2023-10-13,9,NORMAL,5851,1
317,3,3,317_3_2023-10-13,10,NORMAL,4304,1
317,3,3,317_3_2023-10-13,11,LURE,2902,1
317,3,3,317_3_2023-10-13,12,LURE,2050,1
317,3,3,317_3_2023-10-13,13,LURE,2117,1
317,3,3,317_3_2023-10-13,14,LURE,1851,1
317,3,3,317_3_2023-10-13,15,LURE,5535,1
317,3,3,317_3_2023-10-13,16,NORMAL,2766,1
317,3,3,317_3_2023-10-13,17,NORMAL,2299,1
317,3,3,317_3_2023-10-13,18,LURE,3433,1
318,1,1,318_1_2024-01-10,1,LURE,1913,1
318,1,1,318_1_2024-01-10,2,LURE,1810,1
318,1,1,318_1_2024-01-10,3,LURE,752,1
318,1,1,318_1_2024-01-10,4,LURE,843,1
318,1,1,318_1_2024-01-10,5,NORMAL,1350,1
318,1,1,318_1_2024-01-10,6,NORMAL,2104,1
318,1,1,318_1_2024-01-10,7,NORMAL,1434,1
318,1,1,318_1_2024-01-10,8,NORMAL,1598,1
318,1,1,318_1_2024-01-10,9,NORMAL,1417,1
318,1,1,318_1_2024-01-10,10,LURE,799,1
318,1,1,318_1_2024-01-10,11,NORMAL,2900,1
318,1,1,318_1_2024-01-10,12,LURE,1817,1
318,1,1,318_1_2024-01-10,13,NORMAL,634,1
318,1,1,318_1_2024-01-10,14,LURE,1583,1
318,1,1,318_1_2024-01-10,15,LURE,3051,1
318,1,1,318_1_2024-01-10,16,LURE,1183,1
318,1,1,318_1_2024-01-10,17,NORMAL,1433,1
318,1,1,318_1_2024-01-10,18,NORMAL,868,1
318,2,2,318_2_2024-01-10,1,NORMAL,2108,1
318,2,2,318_2_2024-01-10,2,LURE,1283,1
318,2,2,318_2_2024-01-10,3,LURE,1385,1
318,2,2,318_2_2024-01-10,4,LURE,2268,1
318,2,2,318_2_2024-01-10,5,NORMAL,1317,1
318,2,2,318_2_2024-01-10,6,NORMAL,903,1
318,2,2,318_2_2024-01-10,7,NORMAL,1084,1
318,2,2,318_2_2024-01-10,8,NORMAL,2268,1
318,2,2,318_2_2024-01-10,9,LURE,1052,1
318,2,2,318_2_2024-01-10,10,NORMAL,2100,1
318,2,2,318_2_2024-01-10,11,NORMAL,1033,1
318,2,2,318_2_2024-01-10,12,LURE,1317,1
318,2,2,318_2_2024-01-10,13,LURE,1584,1
318,2,2,318_2_2024-01-10,14,LURE,1366,1
318,2,2,318_2_2024-01-10,15,NORMAL,799,1
318,2,2,318_2_2024-01-10,16,LURE,1495,1
318,2,2,318_2_2024-01-10,17,NORMAL,2121,1
318,2,2,318_2_2024-01-10,18,LURE,2201,1
318,3,3,318_3_2024-01-10,1,NORMAL,2569,1
318,3,3,318_3_2024-01-10,2,NORMAL,1250,1
318,3,3,318_3_2024-01-10,3,NORMAL,2129,1
318,3,3,318_3_2024-01-10,4,NORMAL,1767,1
318,3,3,318_3_2024-01-10,5,LURE,1502,1
318,3,3,318_3_2024-01-10,6,NORMAL,999,1
318,3,3,318_3_2024-01-10,7,LURE,3000,1
318,3,3,318_3_2024-01-10,8,NORMAL,2045,1
318,3,3,318_3_2024-01-10,9,LURE,1050,0
318,3,3,318_3_2024-01-10,10,NORMAL,3906,1
318,3,3,318_3_2024-01-10,11,LURE,1635,1
318,3,3,318_3_2024-01-10,12,LURE,1768,1
318,3,3,318_3_2024-01-10,13,NORMAL,2185,1
318,3,3,318_3_2024-01-10,14,LURE,1534,1
318,3,3,318_3_2024-01-10,15,LURE,2232,1
318,3,3,318_3_2024-01-10,16,NORMAL,1267,1
318,3,3,318_3_2024-01-10,17,LURE,1734,1
318,3,3,318_3_2024-01-10,18,LURE,1017,1
319,1,1,319_1_2024-01-05,1,LURE,2370,0
319,1,1,319_1_2024-01-05,2,LURE,2047,1
319,1,1,319_1_2024-01-05,3,NORMAL,4085,1
319,1,1,319_1_2024-01-05,4,LURE,5360,1
319,1,1,319_1_2024-01-05,5,LURE,3819,1
319,1,1,319_1_2024-01-05,6,NORMAL,5885,1
319,1,1,319_1_2024-01-05,7,LURE,5096,1
319,1,1,319_1_2024-01-05,8,NORMAL,7133,1
319,1,1,319_1_2024-01-05,9,NORMAL,2167,1
319,1,1,319_1_2024-01-05,10,LURE,4334,1
319,1,1,319_1_2024-01-05,11,NORMAL,2815,1
319,1,1,319_1_2024-01-05,12,NORMAL,2475,1
319,1,1,319_1_2024-01-05,13,NORMAL,4489,1
319,1,1,319_1_2024-01-05,14,LURE,5166,1
319,1,1,319_1_2024-01-05,15,NORMAL,3635,1
319,1,1,319_1_2024-01-05,16,LURE,6317,1
319,1,1,319_1_2024-01-05,17,NORMAL,3546,1
319,1,1,319_1_2024-01-05,18,LURE,2299,1
319,2,2,319_2_2024-01-05,1,LURE,3752,1
319,2,2,319_2_2024-01-05,2,NORMAL,2751,1
319,2,2,319_2_2024-01-05,3,LURE,2139,1
319,2,2,319_2_2024-01-05,4,LURE,3104,0
319,2,2,319_2_2024-01-05,5,LURE,3539,1
319,2,2,319_2_2024-01-05,6,LURE,7170,1
319,2,2,319_2_2024-01-05,7,LURE,1753,1
319,2,2,319_2_2024-01-05,8,LURE,6267,1
319,2,2,319_2_2024-01-05,9,NORMAL,1868,1
319,2,2,319_2_2024-01-05,10,NORMAL,1783,1
319,2,2,319_2_2024-01-05,11,NORMAL,1983,1
319,2,2,319_2_2024-01-05,12,NORMAL,3033,1
319,2,2,319_2_2024-01-05,13,NORMAL,5452,1
319,2,2,319_2_2024-01-05,14,NORMAL,5202,1
319,2,2,319_2_2024-01-05,15,NORMAL,2949,1
319,2,2,319_2_2024-01-05,16,LURE,1518,1
319,2,2,319_2_2024-01-05,17,NORMAL,5235,1
319,2,2,319_2_2024-01-05,18,LURE,2784,1
319,3,3,319_3_2024-01-05,1,LURE,3620,1
319,3,3,319_3_2024-01-05,2,LURE,2199,1
319,3,3,319_3_2024-01-05,3,NORMAL,3085,1
319,3,3,319_3_2024-01-05,4,NORMAL,2382,1
319,3,3,319_3_2024-01-05,5,LURE,3984,1
319,3,3,319_3_2024-01-05,6,NORMAL,3933,1
319,3,3,319_3_2024-01-05,7,NORMAL,1704,1
319,3,3,319_3_2024-01-05,8,NORMAL,2427,1
319,3,3,319_3_2024-01-05,9,LURE,5093,1
319,3,3,319_3_2024-01-05,10,NORMAL,2584,1
319,3,3,319_3_2024-01-05,11,NORMAL,4649,1
319,3,3,319_3_2024-01-05,12,LURE,4835,1
319,3,3,319_3_2024-01-05,13,NORMAL,3501,1
319,3,3,319_3_2024-01-05,14,NORMAL,5234,1
319,3,3,319_3_2024-01-05,15,LURE,1818,0
319,3,3,319_3_2024-01-05,16,LURE,3286,1
319,3,3,319_3_2024-01-05,17,LURE,5835,1
319,3,3,319_3_2024-01-05,18,LURE,6836,1
320,1,1,320_1_2024-01-24,1,NORMAL,3547,1
320,1,1,320_1_2024-01-24,2,NORMAL,2587,1
320,1,1,320_1_2024-01-24,3,LURE,2858,1
320,1,1,320_1_2024-01-24,4,LURE,3806,1
320,1,1,320_1_2024-01-24,5,LURE,3174,1
320,1,1,320_1_2024-01-24,6,NORMAL,5416,1
320,1,1,320_1_2024-01-24,7,NORMAL,5215,1
320,1,1,320_1_2024-01-24,8,LURE,2718,1
320,1,1,320_1_2024-01-24,9,LURE,3949,1
320,1,1,320_1_2024-01-24,10,LURE,4800,1
320,1,1,320_1_2024-01-24,11,LURE,3733,1
320,1,1,320_1_2024-01-24,12,NORMAL,5450,1
320,1,1,320_1_2024-01-24,13,NORMAL,4302,1
320,1,1,320_1_2024-01-24,14,NORMAL,3716,1
320,1,1,320_1_2024-01-24,15,LURE,2150,1
320,1,1,320_1_2024-01-24,16,NORMAL,2734,1
320,1,1,320_1_2024-01-24,17,LURE,3704,1
320,1,1,320_1_2024-01-24,18,NORMAL,3017,1
320,2,2,320_2_2024-01-24,1,LURE,1433,1
320,2,2,320_2_2024-01-24,2,LURE,5451,1
320,2,2,320_2_2024-01-24,3,LURE,3334,1
320,2,2,320_2_2024-01-24,4,LURE,3683,1
320,2,2,320_2_2024-01-24,5,NORMAL,1969,1
320,2,2,320_2_2024-01-24,6,NORMAL,3271,1
320,2,2,320_2_2024-01-24,7,NORMAL,1667,1
320,2,2,320_2_2024-01-24,8,NORMAL,3770,1
320,2,2,320_2_2024-01-24,9,NORMAL,1966,1
320,2,2,320_2_2024-01-24,10,NORMAL,4004,1
320,2,2,320_2_2024-01-24,11,NORMAL,3419,1
320,2,2,320_2_2024-01-24,12,LURE,2383,1
320,2,2,320_2_2024-01-24,13,NORMAL,1883,1
320,2,2,320_2_2024-01-24,14,LURE,2550,1
320,2,2,320_2_2024-01-24,15,LURE,3599,1
320,2,2,320_2_2024-01-24,16,LURE,3885,1
320,2,2,320_2_2024-01-24,17,NORMAL,2601,1
320,2,2,320_2_2024-01-24,18,LURE,3917,1
320,3,3,320_3_2024-01-24,1,LURE,3760,1
320,3,3,320_3_2024-01-24,2,NORMAL,1718,1
320,3,3,320_3_2024-01-24,3,NORMAL,1889,1
320,3,3,320_3_2024-01-24,4,NORMAL,1941,1
320,3,3,320_3_2024-01-24,5,NORMAL,3102,1
320,3,3,320_3_2024-01-24,6,NORMAL,4318,1
320,3,3,320_3_2024-01-24,7,LURE,2383,1
320,3,3,320_3_2024-01-24,8,LURE,3184,1
320,3,3,320_3_2024-01-24,9,LURE,2035,1
320,3,3,320_3_2024-01-24,10,NORMAL,1715,1
320,3,3,320_3_2024-01-24,11,LURE,2333,1
320,3,3,320_3_2024-01-24,12,LURE,3117,1
320,3,3,320_3_2024-01-24,13,LURE,2283,1
320,3,3,320_3_2024-01-24,14,NORMAL,2317,1
320,3,3,320_3_2024-01-24,15,NORMAL,3685,1
320,3,3,320_3_2024-01-24,16,LURE,2350,1
320,3,3,320_3_2024-01-24,17,LURE,2819,1
320,3,3,320_3_2024-01-24,18,NORMAL,3243,1
321,1,1,321_1_2024-02-05,1,NORMAL,1987,1
321,1,1,321_1_2024-02-05,2,LURE,2669,1
321,1,1,321_1_2024-02-05,3,LURE,5202,1
321,1,1,321_1_2024-02-05,4,NORMAL,4533,1
321,1,1,321_1_2024-02-05,5,NORMAL,3442,1
321,1,1,321_1_2024-02-05,6,NORMAL,2300,1
321,1,1,321_1_2024-02-05,7,NORMAL,3498,1
321,1,1,321_1_2024-02-05,8,LURE,3200,1
321,1,1,321_1_2024-02-05,9,LURE,1800,1
321,1,1,321_1_2024-02-05,10,NORMAL,3551,1
321,1,1,321_1_2024-02-05,11,NORMAL,2418,1
321,1,1,321_1_2024-02-05,12,LURE,6150,1
321,1,1,321_1_2024-02-05,13,LURE,4714,1
321,1,1,321_1_2024-02-05,14,LURE,2815,1
321,1,1,321_1_2024-02-05,15,LURE,3453,1
321,1,1,321_1_2024-02-05,16,LURE,5053,1
321,1,1,321_1_2024-02-05,17,NORMAL,2316,1
321,1,1,321_1_2024-02-05,18,NORMAL,3200,1
321,2,2,321_2_2024-02-05,1,LURE,2272,1
321,2,2,321_2_2024-02-05,2,NORMAL,2935,1
321,2,2,321_2_2024-02-05,3,LURE,4368,1
321,2,2,321_2_2024-02-05,4,LURE,2485,1
321,2,2,321_2_2024-02-05,5,NORMAL,3833,1
321,2,2,321_2_2024-02-05,6,LURE,1984,1
321,2,2,321_2_2024-02-05,7,LURE,4604,1
321,2,2,321_2_2024-02-05,8,LURE,5751,1
321,2,2,321_2_2024-02-05,9,NORMAL,2520,1
321,2,2,321_2_2024-02-05,10,NORMAL,4700,1
321,2,2,321_2_2024-02-05,11,NORMAL,2801,1
321,2,2,321_2_2024-02-05,12,LURE,2617,1
321,2,2,321_2_2024-02-05,13,LURE,4733,1
321,2,2,321_2_2024-02-05,14,NORMAL,5752,1
321,2,2,321_2_2024-02-05,15,NORMAL,3401,1
321,2,2,321_2_2024-02-05,16,NORMAL,3818,1
321,2,2,321_2_2024-02-05,17,LURE,2166,1
321,2,2,321_2_2024-02-05,18,NORMAL,6050,1
321,3,3,321_3_2024-02-05,1,NORMAL,1518,1
321,3,3,321_3_2024-02-05,2,LURE,2303,1
321,3,3,321_3_2024-02-05,3,NORMAL,2265,1
321,3,3,321_3_2024-02-05,4,NORMAL,2068,1
321,3,3,321_3_2024-02-05,5,LURE,2050,1
321,3,3,321_3_2024-02-05,6,LURE,2352,1
321,3,3,321_3_2024-02-05,7,LURE,2043,1
321,3,3,321_3_2024-02-05,8,LURE,3971,1
321,3,3,321_3_2024-02-05,9,LURE,2751,1
321,3,3,321_3_2024-02-05,10,NORMAL,3919,1
321,3,3,321_3_2024-02-05,11,LURE,2117,1
321,3,3,321_3_2024-02-05,12,LURE,2467,1
321,3,3,321_3_2024-02-05,13,NORMAL,1583,1
321,3,3,321_3_2024-02-05,14,NORMAL,2202,1
321,3,3,321_3_2024-02-05,15,LURE,1617,1
321,3,3,321_3_2024-02-05,16,NORMAL,1550,1
321,3,3,321_3_2024-02-05,17,NORMAL,5568,1
321,3,3,321_3_2024-02-05,18,NORMAL,1892,1
322,1,1,322_1_2024-02-13,1,LURE,6214,1
322,1,1,322_1_2024-02-13,2,LURE,2239,1
322,1,1,322_1_2024-02-13,3,LURE,3994,1
322,1,1,322_1_2024-02-13,4,LURE,3780,1
322,1,1,322_1_2024-02-13,5,LURE,4738,1
322,1,1,322_1_2024-02-13,6,NORMAL,7325,1
322,1,1,322_1_2024-02-13,7,NORMAL,3616,1
322,1,1,322_1_2024-02-13,8,NORMAL,3884,1
322,1,1,322_1_2024-02-13,9,LURE,2899,1
322,1,1,322_1_2024-02-13,10,NORMAL,3436,1
322,1,1,322_1_2024-02-13,11,LURE,1866,1
322,1,1,322_1_2024-02-13,12,LURE,4333,1
322,1,1,322_1_2024-02-13,13,NORMAL,2683,1
322,1,1,322_1_2024-02-13,14,LURE,2817,1
322,1,1,322_1_2024-02-13,15,NORMAL,2800,1
322,1,1,322_1_2024-02-13,16,NORMAL,3801,1
322,1,1,322_1_2024-02-13,17,NORMAL,4301,1
322,1,1,322_1_2024-02-13,18,NORMAL,5333,1
322,2,2,322_2_2024-02-13,1,NORMAL,1937,1
322,2,2,322_2_2024-02-13,2,LURE,3200,1
322,2,2,322_2_2024-02-13,3,NORMAL,3968,1
322,2,2,322_2_2024-02-13,4,LURE,3767,1
322,2,2,322_2_2024-02-13,5,LURE,1966,1
322,2,2,322_2_2024-02-13,6,NORMAL,2017,1
322,2,2,322_2_2024-02-13,7,NORMAL,5552,1
322,2,2,322_2_2024-02-13,8,LURE,3901,1
322,2,2,322_2_2024-02-13,9,LURE,3484,1
322,2,2,322_2_2024-02-13,10,LURE,2984,1
322,2,2,322_2_2024-02-13,11,LURE,4785,1
322,2,2,322_2_2024-02-13,12,NORMAL,5218,1
322,2,2,322_2_2024-02-13,13,LURE,1802,1
322,2,2,322_2_2024-02-13,14,LURE,5217,1
322,2,2,322_2_2024-02-13,15,NORMAL,3265,1
322,2,2,322_2_2024-02-13,16,NORMAL,2152,1
322,2,2,322_2_2024-02-13,17,NORMAL,3336,1
322,2,2,322_2_2024-02-13,18,NORMAL,3052,1
322,3,3,322_3_2024-02-13,1,NORMAL,2817,1
322,3,3,322_3_2024-02-13,2,LURE,1817,1
322,3,3,322_3_2024-02-13,3,NORMAL,3720,1
322,3,3,322_3_2024-02-13,4,LURE,2401,1
322,3,3,322_3_2024-02-13,5,LURE,4336,1
322,3,3,322_3_2024-02-13,6,LURE,4935,1
322,3,3,322_3_2024-02-13,7,NORMAL,3135,1
322,3,3,322_3_2024-02-13,8,NORMAL,9319,1
322,3,3,322_3_2024-02-13,9,NORMAL,3450,1
322,3,3,322_3_2024-02-13,10,LURE,3736,1
322,3,3,322_3_2024-02-13,11,LURE,3635,1
322,3,3,322_3_2024-02-13,12,LURE,2618,1
322,3,3,322_3_2024-02-13,13,NORMAL,2671,1
322,3,3,322_3_2024-02-13,14,LURE,4300,1
322,3,3,322_3_2024-02-13,15,NORMAL,4830,1
322,3,3,322_3_2024-02-13,16,NORMAL,2507,1
322,3,3,322_3_2024-02-13,17,LURE,3582,1
322,3,3,322_3_2024-02-13,18,NORMAL,3985,1
323,1,1,323_1_2024-02-19,1,LURE,3832,1
323,1,1,323_1_2024-02-19,2,LURE,3375,1
323,1,1,323_1_2024-02-19,3,LURE,1819,1
323,1,1,323_1_2024-02-19,4,NORMAL,2888,1
323,1,1,323_1_2024-02-19,5,LURE,3132,1
323,1,1,323_1_2024-02-19,6,NORMAL,2101,1
323,1,1,323_1_2024-02-19,7,NORMAL,1633,1
323,1,1,323_1_2024-02-19,8,NORMAL,2565,1
323,1,1,323_1_2024-02-19,9,LURE,1916,1
323,1,1,323_1_2024-02-19,10,NORMAL,4633,1
323,1,1,323_1_2024-02-19,11,NORMAL,2916,1
323,1,1,323_1_2024-02-19,12,LURE,2167,1
323,1,1,323_1_2024-02-19,13,NORMAL,3217,1
323,1,1,323_1_2024-02-19,14,NORMAL,1666,1
323,1,1,323_1_2024-02-19,15,LURE,2933,1
323,1,1,323_1_2024-02-19,16,LURE,2701,1
323,1,1,323_1_2024-02-19,17,LURE,4267,1
323,1,1,323_1_2024-02-19,18,NORMAL,2169,1
323,2,2,323_2_2024-02-19,1,LURE,3536,1
323,2,2,323_2_2024-02-19,2,LURE,3017,1
323,2,2,323_2_2024-02-19,3,NORMAL,2616,1
323,2,2,323_2_2024-02-19,4,NORMAL,2249,1
323,2,2,323_2_2024-02-19,5,LURE,2885,1
323,2,2,323_2_2024-02-19,6,LURE,1965,1
323,2,2,323_2_2024-02-19,7,LURE,1901,1
323,2,2,323_2_2024-02-19,8,LURE,3167,1
323,2,2,323_2_2024-02-19,9,NORMAL,2753,1
323,2,2,323_2_2024-02-19,10,NORMAL,2300,1
323,2,2,323_2_2024-02-19,11,LURE,1533,1
323,2,2,323_2_2024-02-19,12,LURE,1784,1
323,2,2,323_2_2024-02-19,13,NORMAL,2419,1
323,2,2,323_2_2024-02-19,14,LURE,1933,1
323,2,2,323_2_2024-02-19,15,NORMAL,2552,1
323,2,2,323_2_2024-02-19,16,NORMAL,2130,1
323,2,2,323_2_2024-02-19,17,NORMAL,2610,1
323,2,2,323_2_2024-02-19,18,NORMAL,2487,1
323,3,3,323_3_2024-02-19,1,LURE,2688,1
323,3,3,323_3_2024-02-19,2,NORMAL,2484,1
323,3,3,323_3_2024-02-19,3,LURE,1984,1
323,3,3,323_3_2024-02-19,4,LURE,2036,1
323,3,3,323_3_2024-02-19,5,LURE,2433,1
323,3,3,323_3_2024-02-19,6,LURE,2949,1
323,3,3,323_3_2024-02-19,7,LURE,3318,1
323,3,3,323_3_2024-02-19,8,NORMAL,2119,1
323,3,3,323_3_2024-02-19,9,NORMAL,2700,1
323,3,3,323_3_2024-02-19,10,NORMAL,3972,1
323,3,3,323_3_2024-02-19,11,NORMAL,1973,1
323,3,3,323_3_2024-02-19,12,LURE,2373,1
323,3,3,323_3_2024-02-19,13,NORMAL,2118,1
323,3,3,323_3_2024-02-19,14,LURE,2149,1
323,3,3,323_3_2024-02-19,15,NORMAL,1984,1
323,3,3,323_3_2024-02-19,16,LURE,2368,1
323,3,3,323_3_2024-02-19,17,NORMAL,3084,1
323,3,3,323_3_2024-02-19,18,NORMAL,2251,1
324,1,1,324_1_2024-02-28,1,NORMAL,2662,1
324,1,1,324_1_2024-02-28,2,LURE,4676,1
324,1,1,324_1_2024-02-28,3,NORMAL,1753,1
324,1,1,324_1_2024-02-28,4,NORMAL,3391,1
324,1,1,324_1_2024-02-28,5,NORMAL,2591,1
324,1,1,324_1_2024-02-28,6,NORMAL,2572,1
324,1,1,324_1_2024-02-28,7,LURE,3568,1
324,1,1,324_1_2024-02-28,8,NORMAL,5062,1
324,1,1,324_1_2024-02-28,9,LURE,1917,1
324,1,1,324_1_2024-02-28,10,LURE,3836,1
324,1,1,324_1_2024-02-28,11,NORMAL,5012,1
324,1,1,324_1_2024-02-28,12,LURE,4886,1
324,1,1,324_1_2024-02-28,13,LURE,4618,1
324,1,1,324_1_2024-02-28,14,NORMAL,10002,1
324,1,1,324_1_2024-02-28,15,LURE,4584,1
324,1,1,324_1_2024-02-28,16,LURE,2934,1
324,1,1,324_1_2024-02-28,17,LURE,3269,1
324,1,1,324_1_2024-02-28,18,NORMAL,2583,1
324,2,2,324_2_2024-02-28,1,NORMAL,4473,1
324,2,2,324_2_2024-02-28,2,LURE,3801,1
324,2,2,324_2_2024-02-28,3,NORMAL,4734,1
324,2,2,324_2_2024-02-28,4,LURE,3184,1
324,2,2,324_2_2024-02-28,5,LURE,4568,1
324,2,2,324_2_2024-02-28,6,NORMAL,11586,1
324,2,2,324_2_2024-02-28,7,NORMAL,3870,1
324,2,2,324_2_2024-02-28,8,LURE,4716,1
324,2,2,324_2_2024-02-28,9,NORMAL,4801,1
324,2,2,324_2_2024-02-28,10,NORMAL,2935,1
324,2,2,324_2_2024-02-28,11,NORMAL,5117,1
324,2,2,324_2_2024-02-28,12,LURE,8185,1
324,2,2,324_2_2024-02-28,13,LURE,6119,1
324,2,2,324_2_2024-02-28,14,NORMAL,2933,1
324,2,2,324_2_2024-02-28,15,LURE,5117,1
324,2,2,324_2_2024-02-28,16,LURE,2936,1
324,2,2,324_2_2024-02-28,17,LURE,4653,1
324,2,2,324_2_2024-02-28,18,NORMAL,3168,1
324,3,3,324_3_2024-02-28,1,LURE,4386,1
324,3,3,324_3_2024-02-28,2,NORMAL,4137,1
324,3,3,324_3_2024-02-28,3,NORMAL,3701,1
324,3,3,324_3_2024-02-28,4,LURE,5803,1
324,3,3,324_3_2024-02-28,5,NORMAL,4901,1
324,3,3,324_3_2024-02-28,6,LURE,6684,1
324,3,3,324_3_2024-02-28,7,NORMAL,5018,1
324,3,3,324_3_2024-02-28,8,LURE,2666,1
324,3,3,324_3_2024-02-28,9,LURE,3167,1
324,3,3,324_3_2024-02-28,10,NORMAL,3584,1
324,3,3,324_3_2024-02-28,11,NORMAL,3595,1
324,3,3,324_3_2024-02-28,12,LURE,4403,1
324,3,3,324_3_2024-02-28,13,LURE,5335,1
324,3,3,324_3_2024-02-28,14,NORMAL,3900,1
324,3,3,324_3_2024-02-28,15,LURE,4168,1
324,3,3,324_3_2024-02-28,16,NORMAL,3972,1
324,3,3,324_3_2024-02-28,17,LURE,3151,1
324,3,3,324_3_2024-02-28,18,NORMAL,2719,1
325,1,1,325_1_2024-02-22,1,LURE,3210,1
325,1,1,325_1_2024-02-22,2,LURE,3461,1
325,1,1,325_1_2024-02-22,3,LURE,4574,1
325,1,1,325_1_2024-02-22,4,NORMAL,2985,1
325,1,1,325_1_2024-02-22,5,LURE,3911,1
325,1,1,325_1_2024-02-22,6,LURE,2844,1
325,1,1,325_1_2024-02-22,7,LURE,2684,1
325,1,1,325_1_2024-02-22,8,NORMAL,2681,1
325,1,1,325_1_2024-02-22,9,LURE,3536,1
325,1,1,325_1_2024-02-22,10,NORMAL,3535,1
325,1,1,325_1_2024-02-22,11,NORMAL,3416,1
325,1,1,325_1_2024-02-22,12,NORMAL,4468,1
325,1,1,325_1_2024-02-22,13,NORMAL,2949,1
325,1,1,325_1_2024-02-22,14,LURE,4168,1
325,1,1,325_1_2024-02-22,15,NORMAL,3702,1
325,1,1,325_1_2024-02-22,16,NORMAL,2579,1
325,1,1,325_1_2024-02-22,17,NORMAL,2666,1
325,1,1,325_1_2024-02-22,18,LURE,1951,1
325,2,2,325_2_2024-02-22,1,LURE,3533,1
325,2,2,325_2_2024-02-22,2,NORMAL,3416,1
325,2,2,325_2_2024-02-22,3,LURE,2500,1
325,2,2,325_2_2024-02-22,4,LURE,6450,1
325,2,2,325_2_2024-02-22,5,NORMAL,2150,1
325,2,2,325_2_2024-02-22,6,LURE,3367,1
325,2,2,325_2_2024-02-22,7,NORMAL,1633,1
325,2,2,325_2_2024-02-22,8,LURE,4001,1
325,2,2,325_2_2024-02-22,9,LURE,4601,1
325,2,2,325_2_2024-02-22,10,NORMAL,3220,1
325,2,2,325_2_2024-02-22,11,LURE,4056,1
325,2,2,325_2_2024-02-22,12,NORMAL,3923,1
325,2,2,325_2_2024-02-22,13,LURE,2119,1
325,2,2,325_2_2024-02-22,14,NORMAL,3119,1
325,2,2,325_2_2024-02-22,15,NORMAL,2683,1
325,2,2,325_2_2024-02-22,16,NORMAL,1816,1
325,2,2,325_2_2024-02-22,17,LURE,3168,1
325,2,2,325_2_2024-02-22,18,NORMAL,5034,1
325,3,3,325_3_2024-02-22,1,NORMAL,3599,1
325,3,3,325_3_2024-02-22,2,LURE,2884,1
325,3,3,325_3_2024-02-22,3,NORMAL,1885,1
325,3,3,325_3_2024-02-22,4,NORMAL,3378,1
325,3,3,325_3_2024-02-22,5,LURE,3167,1
325,3,3,325_3_2024-02-22,6,LURE,1667,1
325,3,3,325_3_2024-02-22,7,NORMAL,1933,1
325,3,3,325_3_2024-02-22,8,NORMAL,2635,1
325,3,3,325_3_2024-02-22,9,LURE,1681,1
325,3,3,325_3_2024-02-22,10,LURE,2069,1
325,3,3,325_3_2024-02-22,11,NORMAL,3952,1
325,3,3,325_3_2024-02-22,12,NORMAL,3903,1
325,3,3,325_3_2024-02-22,13,NORMAL,3150,1
325,3,3,325_3_2024-02-22,14,NORMAL,2933,1
325,3,3,325_3_2024-02-22,15,LURE,2483,1
325,3,3,325_3_2024-02-22,16,LURE,3436,1
325,3,3,325_3_2024-02-22,17,LURE,2281,1
325,3,3,325_3_2024-02-22,18,LURE,2381,1
326,1,1,326_1_2024-03-11,1,LURE,3018,1
326,1,1,326_1_2024-03-11,2,NORMAL,2915,1
326,1,1,326_1_2024-03-11,3,LURE,4048,1
326,1,1,326_1_2024-03-11,4,NORMAL,1601,1
326,1,1,326_1_2024-03-11,5,LURE,1574,1
326,1,1,326_1_2024-03-11,6,NORMAL,2104,1
326,1,1,326_1_2024-03-11,7,NORMAL,2047,1
326,1,1,326_1_2024-03-11,8,LURE,1450,1
326,1,1,326_1_2024-03-11,9,LURE,2086,1
326,1,1,326_1_2024-03-11,10,LURE,2034,1
326,1,1,326_1_2024-03-11,11,NORMAL,2017,1
326,1,1,326_1_2024-03-11,12,LURE,1899,1
326,1,1,326_1_2024-03-11,13,LURE,1233,1
326,1,1,326_1_2024-03-11,14,NORMAL,1519,1
326,1,1,326_1_2024-03-11,15,NORMAL,1599,1
326,1,1,326_1_2024-03-11,16,LURE,1719,1
326,1,1,326_1_2024-03-11,17,NORMAL,1583,1
326,1,1,326_1_2024-03-11,18,NORMAL,1232,1
326,2,2,326_2_2024-03-11,1,LURE,2437,1
326,2,2,326_2_2024-03-11,2,LURE,1317,1
326,2,2,326_2_2024-03-11,3,LURE,1368,1
326,2,2,326_2_2024-03-11,4,NORMAL,1916,1
326,2,2,326_2_2024-03-11,5,NORMAL,2182,1
326,2,2,326_2_2024-03-11,6,NORMAL,1701,1
326,2,2,326_2_2024-03-11,7,LURE,2201,1
326,2,2,326_2_2024-03-11,8,NORMAL,1884,1
326,2,2,326_2_2024-03-11,9,LURE,1634,1
326,2,2,326_2_2024-03-11,10,LURE,2584,1
326,2,2,326_2_2024-03-11,11,LURE,3517,1
326,2,2,326_2_2024-03-11,12,LURE,2601,1
326,2,2,326_2_2024-03-11,13,NORMAL,2150,1
326,2,2,326_2_2024-03-11,14,NORMAL,2082,1
326,2,2,326_2_2024-03-11,15,LURE,1251,1
326,2,2,326_2_2024-03-11,16,NORMAL,2143,1
326,2,2,326_2_2024-03-11,17,NORMAL,2006,1
326,2,2,326_2_2024-03-11,18,NORMAL,1733,1
326,3,3,326_3_2024-03-11,1,NORMAL,2826,1
326,3,3,326_3_2024-03-11,2,NORMAL,1483,1
326,3,3,326_3_2024-03-11,3,LURE,1284,1
326,3,3,326_3_2024-03-11,4,NORMAL,1984,0
326,3,3,326_3_2024-03-11,5,LURE,2634,1
326,3,3,326_3_2024-03-11,6,LURE,1486,1
326,3,3,326_3_2024-03-11,7,LURE,1951,1
326,3,3,326_3_2024-03-11,8,NORMAL,1583,1
326,3,3,326_3_2024-03-11,9,NORMAL,3167,1
326,3,3,326_3_2024-03-11,10,NORMAL,2101,1
326,3,3,326_3_2024-03-11,11,LURE,1350,1
326,3,3,326_3_2024-03-11,12,NORMAL,1537,1
326,3,3,326_3_2024-03-11,13,NORMAL,1885,1
326,3,3,326_3_2024-03-11,14,NORMAL,3504,1
326,3,3,326_3_2024-03-11,15,LURE,1767,1
326,3,3,326_3_2024-03-11,16,LURE,2551,1
326,3,3,326_3_2024-03-11,17,LURE,2133,1
326,3,3,326_3_2024-03-11,18,LURE,1318,1
327,1,1,327_1_2024-03-14,1,NORMAL,2734,1
327,1,1,327_1_2024-03-14,2,LURE,2985,1
327,1,1,327_1_2024-03-14,3,LURE,4374,1
327,1,1,327_1_2024-03-14,4,LURE,2567,1
327,1,1,327_1_2024-03-14,5,LURE,4255,1
327,1,1,327_1_2024-03-14,6,NORMAL,3599,1
327,1,1,327_1_2024-03-14,7,NORMAL,12018,0
327,1,1,327_1_2024-03-14,8,LURE,2118,1
327,1,1,327_1_2024-03-14,9,LURE,2916,1
327,1,1,327_1_2024-03-14,10,LURE,9568,1
327,1,1,327_1_2024-03-14,11,NORMAL,2603,1
327,1,1,327_1_2024-03-14,12,NORMAL,4312,1
327,1,1,327_1_2024-03-14,13,NORMAL,3768,1
327,1,1,327_1_2024-03-14,14,LURE,5017,1
327,1,1,327_1_2024-03-14,15,NORMAL,4951,1
327,1,1,327_1_2024-03-14,16,NORMAL,4042,1
327,1,1,327_1_2024-03-14,17,NORMAL,3087,1
327,1,1,327_1_2024-03-14,18,LURE,1983,1
327,2,2,327_2_2024-03-14,1,LURE,4835,1
327,2,2,327_2_2024-03-14,2,NORMAL,7320,1
327,2,2,327_2_2024-03-14,3,NORMAL,5251,1
327,2,2,327_2_2024-03-14,4,NORMAL,6386,1
327,2,2,327_2_2024-03-14,5,LURE,2434,1
327,2,2,327_2_2024-03-14,6,LURE,2933,1
327,2,2,327_2_2024-03-14,7,LURE,1967,1
327,2,2,327_2_2024-03-14,8,LURE,1801,1
327,2,2,327_2_2024-03-14,9,NORMAL,2880,1
327,2,2,327_2_2024-03-14,10,LURE,1583,1
327,2,2,327_2_2024-03-14,11,LURE,2834,1
327,2,2,327_2_2024-03-14,12,NORMAL,4519,1
327,2,2,327_2_2024-03-14,13,NORMAL,4269,1
327,2,2,327_2_2024-03-14,14,NORMAL,2770,1
327,2,2,327_2_2024-03-14,15,NORMAL,2333,1
327,2,2,327_2_2024-03-14,16,LURE,1201,1
327,2,2,327_2_2024-03-14,17,LURE,2618,1
327,2,2,327_2_2024-03-14,18,NORMAL,2751,1
327,3,3,327_3_2024-03-14,1,LURE,2018,1
327,3,3,327_3_2024-03-14,2,NORMAL,1520,1
327,3,3,327_3_2024-03-14,3,LURE,1701,1
327,3,3,327_3_2024-03-14,4,NORMAL,4000,1
327,3,3,327_3_2024-03-14,5,NORMAL,1975,1
327,3,3,327_3_2024-03-14,6,LURE,2634,1
327,3,3,327_3_2024-03-14,7,LURE,3900,1
327,3,3,327_3_2024-03-14,8,NORMAL,1916,1
327,3,3,327_3_2024-03-14,9,NORMAL,3237,1
327,3,3,327_3_2024-03-14,10,LURE,3857,1
327,3,3,327_3_2024-03-14,11,NORMAL,2234,1
327,3,3,327_3_2024-03-14,12,LURE,2573,1
327,3,3,327_3_2024-03-14,13,NORMAL,5284,1
327,3,3,327_3_2024-03-14,14,NORMAL,2001,1
327,3,3,327_3_2024-03-14,15,NORMAL,1916,1
327,3,3,327_3_2024-03-14,16,LURE,2886,1
327,3,3,327_3_2024-03-14,17,LURE,4185,1
327,3,3,327_3_2024-03-14,18,LURE,2250,1
328,1,1,328_1_2024-03-26,1,LURE,1733,0
328,1,1,328_1_2024-03-26,2,LURE,1950,1
328,1,1,328_1_2024-03-26,3,LURE,1412,1
328,1,1,328_1_2024-03-26,4,NORMAL,1065,1
328,1,1,328_1_2024-03-26,5,NORMAL,868,1
328,1,1,328_1_2024-03-26,6,NORMAL,1700,0
328,1,1,328_1_2024-03-26,7,LURE,1719,1
328,1,1,328_1_2024-03-26,8,NORMAL,1783,1
328,1,1,328_1_2024-03-26,9,LURE,2515,1
328,1,1,328_1_2024-03-26,10,LURE,1219,1
328,1,1,328_1_2024-03-26,11,NORMAL,2684,1
328,1,1,328_1_2024-03-26,12,NORMAL,3385,1
328,1,1,328_1_2024-03-26,13,NORMAL,833,1
328,1,1,328_1_2024-03-26,14,LURE,2487,1
328,1,1,328_1_2024-03-26,15,LURE,1266,0
328,1,1,328_1_2024-03-26,16,LURE,1199,1
328,1,1,328_1_2024-03-26,17,NORMAL,2417,1
328,1,1,328_1_2024-03-26,18,NORMAL,1617,1
328,2,2,328_2_2024-03-26,1,LURE,2084,1
328,2,2,328_2_2024-03-26,2,LURE,2250,1
328,2,2,328_2_2024-03-26,3,NORMAL,2267,1
328,2,2,328_2_2024-03-26,4,NORMAL,867,1
328,2,2,328_2_2024-03-26,5,LURE,1250,1
328,2,2,328_2_2024-03-26,6,NORMAL,2399,1
328,2,2,328_2_2024-03-26,7,LURE,1034,1
328,2,2,328_2_2024-03-26,8,NORMAL,1335,1
328,2,2,328_2_2024-03-26,9,NORMAL,1967,1
328,2,2,328_2_2024-03-26,10,NORMAL,2134,1
328,2,2,328_2_2024-03-26,11,LURE,1566,1
328,2,2,328_2_2024-03-26,12,LURE,1267,1
328,2,2,328_2_2024-03-26,13,NORMAL,1033,1
328,2,2,328_2_2024-03-26,14,NORMAL,1967,1
328,2,2,328_2_2024-03-26,15,LURE,4402,1
328,2,2,328_2_2024-03-26,16,LURE,1332,0
328,2,2,328_2_2024-03-26,17,LURE,1684,1
328,2,2,328_2_2024-03-26,18,NORMAL,1948,1
328,3,3,328_3_2024-03-26,1,LURE,1335,0
328,3,3,328_3_2024-03-26,2,NORMAL,5302,1
328,3,3,328_3_2024-03-26,3,LURE,2784,1
328,3,3,328_3_2024-03-26,4,NORMAL,3383,1
328,3,3,328_3_2024-03-26,5,LURE,1469,1
328,3,3,328_3_2024-03-26,6,LURE,1701,0
328,3,3,328_3_2024-03-26,7,NORMAL,5234,1
328,3,3,328_3_2024-03-26,8,NORMAL,3568,1
328,3,3,328_3_2024-03-26,9,NORMAL,2267,1
328,3,3,328_3_2024-03-26,10,NORMAL,2100,1
328,3,3,328_3_2024-03-26,11,LURE,2051,1
328,3,3,328_3_2024-03-26,12,LURE,1868,1
328,3,3,328_3_2024-03-26,13,LURE,1784,1
328,3,3,328_3_2024-03-26,14,LURE,2135,1
328,3,3,328_3_2024-03-26,15,NORMAL,2402,1
328,3,3,328_3_2024-03-26,16,NORMAL,4717,1
328,3,3,328_3_2024-03-26,17,LURE,1102,0
328,3,3,328_3_2024-03-26,18,NORMAL,4753,1
329,1,1,329_1_2024-04-02,1,NORMAL,5918,1
329,1,1,329_1_2024-04-02,2,LURE,2875,1
329,1,1,329_1_2024-04-02,3,NORMAL,7862,1
329,1,1,329_1_2024-04-02,4,NORMAL,2438,1
329,1,1,329_1_2024-04-02,5,LURE,2813,1
329,1,1,329_1_2024-04-02,6,LURE,4283,1
329,1,1,329_1_2024-04-02,7,NORMAL,6269,1
329,1,1,329_1_2024-04-02,8,NORMAL,4183,1
329,1,1,329_1_2024-04-02,9,LURE,3667,1
329,1,1,329_1_2024-04-02,10,LURE,4853,1
329,1,1,329_1_2024-04-02,11,NORMAL,4900,1
329,1,1,329_1_2024-04-02,12,LURE,3650,1
329,1,1,329_1_2024-04-02,13,LURE,9491,1
329,1,1,329_1_2024-04-02,14,NORMAL,2155,1
329,1,1,329_1_2024-04-02,15,NORMAL,2454,1
329,1,1,329_1_2024-04-02,16,NORMAL,13070,1
329,1,1,329_1_2024-04-02,17,LURE,4217,1
329,1,1,329_1_2024-04-02,18,LURE,2935,1
329,2,2,329_2_2024-04-02,1,LURE,2366,1
329,2,2,329_2_2024-04-02,2,LURE,2816,1
329,2,2,329_2_2024-04-02,3,NORMAL,2232,1
329,2,2,329_2_2024-04-02,4,LURE,3067,1
329,2,2,329_2_2024-04-02,5,LURE,2701,1
329,2,2,329_2_2024-04-02,6,NORMAL,4200,1
329,2,2,329_2_2024-04-02,7,LURE,2000,1
329,2,2,329_2_2024-04-02,8,LURE,5935,1
329,2,2,329_2_2024-04-02,9,NORMAL,2066,1
329,2,2,329_2_2024-04-02,10,NORMAL,7338,1
329,2,2,329_2_2024-04-02,11,NORMAL,2869,1
329,2,2,329_2_2024-04-02,12,LURE,4549,1
329,2,2,329_2_2024-04-02,13,LURE,4183,1
329,2,2,329_2_2024-04-02,14,LURE,1833,1
329,2,2,329_2_2024-04-02,15,NORMAL,2352,1
329,2,2,329_2_2024-04-02,16,NORMAL,4152,1
329,2,2,329_2_2024-04-02,17,NORMAL,2250,1
329,2,2,329_2_2024-04-02,18,NORMAL,5703,1
329,3,3,329_3_2024-04-02,1,NORMAL,2168,1
329,3,3,329_3_2024-04-02,2,LURE,3317,1
329,3,3,329_3_2024-04-02,3,LURE,4570,1
329,3,3,329_3_2024-04-02,4,LURE,3601,1
329,3,3,329_3_2024-04-02,5,LURE,5485,1
329,3,3,329_3_2024-04-02,6,LURE,2951,1
329,3,3,329_3_2024-04-02,7,NORMAL,6932,1
329,3,3,329_3_2024-04-02,8,NORMAL,3800,1
329,3,3,329_3_2024-04-02,9,NORMAL,1718,1
329,3,3,329_3_2024-04-02,10,NORMAL,3868,1
329,3,3,329_3_2024-04-02,11,LURE,12987,1
329,3,3,329_3_2024-04-02,12,NORMAL,2439,1
329,3,3,329_3_2024-04-02,13,LURE,2941,1
329,3,3,329_3_2024-04-02,14,LURE,4152,1
329,3,3,329_3_2024-04-02,15,NORMAL,4570,1
329,3,3,329_3_2024-04-02,16,LURE,4418,1
329,3,3,329_3_2024-04-02,17,NORMAL,4702,1
329,3,3,329_3_2024-04-02,18,NORMAL,2835,1
330,1,1,330_1_2024-04-11,1,LURE,1847,1
330,1,1,330_1_2024-04-11,2,LURE,1606,1
330,1,1,330_1_2024-04-11,3,NORMAL,2122,1
330,1,1,330_1_2024-04-11,4,LURE,2220,1
330,1,1,330_1_2024-04-11,5,LURE,1965,1
330,1,1,330_1_2024-04-11,6,NORMAL,3935,1
330,1,1,330_1_2024-04-11,7,LURE,3516,1
330,1,1,330_1_2024-04-11,8,NORMAL,2201,1
330,1,1,330_1_2024-04-11,9,NORMAL,3232,1
330,1,1,330_1_2024-04-11,10,NORMAL,1800,1
330,1,1,330_1_2024-04-11,11,NORMAL,1733,1
330,1,1,330_1_2024-04-11,12,LURE,1057,1
330,1,1,330_1_2024-04-11,13,NORMAL,1488,1
330,1,1,330_1_2024-04-11,14,LURE,2800,1
330,1,1,330_1_2024-04-11,15,LURE,3803,1
330,1,1,330_1_2024-04-11,16,NORMAL,1383,1
330,1,1,330_1_2024-04-11,17,LURE,2798,1
330,1,1,330_1_2024-04-11,18,NORMAL,2516,1
330,2,2,330_2_2024-04-11,1,NORMAL,1601,1
330,2,2,330_2_2024-04-11,2,LURE,1566,1
330,2,2,330_2_2024-04-11,3,LURE,2451,1
330,2,2,330_2_2024-04-11,4,NORMAL,1333,1
330,2,2,330_2_2024-04-11,5,NORMAL,3652,1
330,2,2,330_2_2024-04-11,6,NORMAL,1534,1
330,2,2,330_2_2024-04-11,7,NORMAL,2418,1
330,2,2,330_2_2024-04-11,8,NORMAL,5017,1
330,2,2,330_2_2024-04-11,9,NORMAL,5484,1
330,2,2,330_2_2024-04-11,10,LURE,3017,1
330,2,2,330_2_2024-04-11,11,LURE,2250,1
330,2,2,330_2_2024-04-11,12,NORMAL,1627,1
330,2,2,330_2_2024-04-11,13,LURE,3583,1
330,2,2,330_2_2024-04-11,14,NORMAL,1683,1
330,2,2,330_2_2024-04-11,15,LURE,2852,1
330,2,2,330_2_2024-04-11,16,LURE,1935,1
330,2,2,330_2_2024-04-11,17,LURE,1449,1
330,2,2,330_2_2024-04-11,18,LURE,2833,1
330,3,3,330_3_2024-04-11,1,LURE,2670,1
330,3,3,330_3_2024-04-11,2,NORMAL,985,1
330,3,3,330_3_2024-04-11,3,LURE,2570,1
330,3,3,330_3_2024-04-11,4,LURE,1316,1
330,3,3,330_3_2024-04-11,5,NORMAL,1752,1
330,3,3,330_3_2024-04-11,6,NORMAL,2286,1
330,3,3,330_3_2024-04-11,7,NORMAL,1850,1
330,3,3,330_3_2024-04-11,8,NORMAL,2235,1
330,3,3,330_3_2024-04-11,9,LURE,2602,1
330,3,3,330_3_2024-04-11,10,NORMAL,2121,1
330,3,3,330_3_2024-04-11,11,LURE,1400,1
330,3,3,330_3_2024-04-11,12,LURE,1417,1
330,3,3,330_3_2024-04-11,13,NORMAL,2801,1
330,3,3,330_3_2024-04-11,14,LURE,2702,1
330,3,3,330_3_2024-04-11,15,LURE,1834,1
330,3,3,330_3_2024-04-11,16,NORMAL,1549,1
330,3,3,330_3_2024-04-11,17,LURE,2150,1
330,3,3,330_3_2024-04-11,18,NORMAL,3269,1
331,1,1,331_1_2024-04-29,1,NORMAL,2383,1
331,1,1,331_1_2024-04-29,2,LURE,5554,1
331,1,1,331_1_2024-04-29,3,NORMAL,4575,1
331,1,1,331_1_2024-04-29,4,LURE,4100,1
331,1,1,331_1_2024-04-29,5,LURE,3516,1
331,1,1,331_1_2024-04-29,6,NORMAL,6885,1
331,1,1,331_1_2024-04-29,7,NORMAL,6115,1
331,1,1,331_1_2024-04-29,8,NORMAL,3351,1
331,1,1,331_1_2024-04-29,9,LURE,3326,1
331,1,1,331_1_2024-04-29,10,NORMAL,2989,1
331,1,1,331_1_2024-04-29,11,LURE,3416,1
331,1,1,331_1_2024-04-29,12,NORMAL,4785,1
331,1,1,331_1_2024-04-29,13,NORMAL,5034,1
331,1,1,331_1_2024-04-29,14,NORMAL,3201,1
331,1,1,331_1_2024-04-29,15,LURE,6669,1
331,1,1,331_1_2024-04-29,16,LURE,3768,1
331,1,1,331_1_2024-04-29,17,LURE,4682,1
331,1,1,331_1_2024-04-29,18,LURE,2084,1
331,2,2,331_2_2024-04-29,1,NORMAL,1852,1
331,2,2,331_2_2024-04-29,2,LURE,2916,1
331,2,2,331_2_2024-04-29,3,NORMAL,4184,1
331,2,2,331_2_2024-04-29,4,LURE,2885,1
331,2,2,331_2_2024-04-29,5,LURE,4967,1
331,2,2,331_2_2024-04-29,6,LURE,3234,1
331,2,2,331_2_2024-04-29,7,LURE,4682,1
331,2,2,331_2_2024-04-29,8,NORMAL,5970,1
331,2,2,331_2_2024-04-29,9,LURE,4081,1
331,2,2,331_2_2024-04-29,10,NORMAL,1718,1
331,2,2,331_2_2024-04-29,11,NORMAL,2082,1
331,2,2,331_2_2024-04-29,12,LURE,2827,1
331,2,2,331_2_2024-04-29,13,NORMAL,5976,1
331,2,2,331_2_2024-04-29,14,NORMAL,1751,1
331,2,2,331_2_2024-04-29,15,LURE,2826,1
331,2,2,331_2_2024-04-29,16,LURE,1637,1
331,2,2,331_2_2024-04-29,17,NORMAL,3283,1
331,2,2,331_2_2024-04-29,18,NORMAL,2417,1
331,3,3,331_3_2024-04-29,1,NORMAL,1599,1
331,3,3,331_3_2024-04-29,2,NORMAL,1189,1
331,3,3,331_3_2024-04-29,3,LURE,3975,1
331,3,3,331_3_2024-04-29,4,NORMAL,2383,1
331,3,3,331_3_2024-04-29,5,NORMAL,2552,1
331,3,3,331_3_2024-04-29,6,LURE,1650,1
331,3,3,331_3_2024-04-29,7,NORMAL,4137,1
331,3,3,331_3_2024-04-29,8,LURE,1450,1
331,3,3,331_3_2024-04-29,9,NORMAL,1351,1
331,3,3,331_3_2024-04-29,10,LURE,2650,1
331,3,3,331_3_2024-04-29,11,LURE,1216,1
331,3,3,331_3_2024-04-29,12,LURE,3934,1
331,3,3,331_3_2024-04-29,13,NORMAL,3407,1
331,3,3,331_3_2024-04-29,14,LURE,4011,1
331,3,3,331_3_2024-04-29,15,LURE,2500,1
331,3,3,331_3_2024-04-29,16,NORMAL,4384,1
331,3,3,331_3_2024-04-29,17,LURE,4901,1
331,3,3,331_3_2024-04-29,18,NORMAL,1584,1
332,1,1,332_1_2024-07-10,1,LURE,3568,1
332,1,1,332_1_2024-07-10,2,LURE,1649,1
332,1,1,332_1_2024-07-10,3,NORMAL,3295,1
332,1,1,332_1_2024-07-10,4,LURE,2702,1
332,1,1,332_1_2024-07-10,5,NORMAL,5410,1
332,1,1,332_1_2024-07-10,6,LURE,2793,1
332,1,1,332_1_2024-07-10,7,NORMAL,3855,1
332,1,1,332_1_2024-07-10,8,NORMAL,3332,1
332,1,1,332_1_2024-07-10,9,LURE,3285,1
332,1,1,332_1_2024-07-10,10,LURE,2999,1
332,1,1,332_1_2024-07-10,11,NORMAL,4035,1
332,1,1,332_1_2024-07-10,12,LURE,3333,1
332,1,1,332_1_2024-07-10,13,NORMAL,2698,1
332,1,1,332_1_2024-07-10,14,NORMAL,3316,1
332,1,1,332_1_2024-07-10,15,LURE,2217,1
332,1,1,332_1_2024-07-10,16,NORMAL,2581,1
332,1,1,332_1_2024-07-10,17,NORMAL,1718,1
332,1,1,332_1_2024-07-10,18,LURE,7035,1
332,2,2,332_2_2024-07-10,1,NORMAL,5733,1
332,2,2,332_2_2024-07-10,2,NORMAL,5590,1
332,2,2,332_2_2024-07-10,3,LURE,2266,1
332,2,2,332_2_2024-07-10,4,NORMAL,3669,1
332,2,2,332_2_2024-07-10,5,LURE,2367,1
332,2,2,332_2_2024-07-10,6,NORMAL,5201,1
332,2,2,332_2_2024-07-10,7,LURE,5519,1
332,2,2,332_2_2024-07-10,8,LURE,4834,1
332,2,2,332_2_2024-07-10,9,LURE,2568,1
332,2,2,332_2_2024-07-10,10,NORMAL,2417,1
332,2,2,332_2_2024-07-10,11,LURE,1867,1
332,2,2,332_2_2024-07-10,12,NORMAL,3284,1
332,2,2,332_2_2024-07-10,13,NORMAL,4635,1
332,2,2,332_2_2024-07-10,14,LURE,2150,1
332,2,2,332_2_2024-07-10,15,NORMAL,1969,1
332,2,2,332_2_2024-07-10,16,NORMAL,3201,1
332,2,2,332_2_2024-07-10,17,LURE,2385,1
332,2,2,332_2_2024-07-10,18,LURE,1884,1
332,3,3,332_3_2024-07-10,1,LURE,5555,1
332,3,3,332_3_2024-07-10,2,NORMAL,2133,1
332,3,3,332_3_2024-07-10,3,LURE,5168,1
332,3,3,332_3_2024-07-10,4,NORMAL,2617,1
332,3,3,332_3_2024-07-10,5,LURE,4068,1
332,3,3,332_3_2024-07-10,6,LURE,4984,1
332,3,3,332_3_2024-07-10,7,NORMAL,2451,1
332,3,3,332_3_2024-07-10,8,LURE,3000,1
332,3,3,332_3_2024-07-10,9,NORMAL,5669,1
332,3,3,332_3_2024-07-10,10,NORMAL,3083,1
332,3,3,332_3_2024-07-10,11,NORMAL,7200,1
332,3,3,332_3_2024-07-10,12,LURE,5236,1
332,3,3,332_3_2024-07-10,13,LURE,4167,1
332,3,3,332_3_2024-07-10,14,LURE,2232,1
332,3,3,332_3_2024-07-10,15,NORMAL,2282,1
332,3,3,332_3_2024-07-10,16,NORMAL,1984,1
332,3,3,332_3_2024-07-10,17,NORMAL,4002,1
332,3,3,332_3_2024-07-10,18,LURE,6569,1
333,1,1,333_1_2024-05-09,1,LURE,3822,1
333,1,1,333_1_2024-05-09,2,LURE,2680,1
333,1,1,333_1_2024-05-09,3,NORMAL,2563,1
333,1,1,333_1_2024-05-09,4,LURE,5077,1
333,1,1,333_1_2024-05-09,5,NORMAL,2468,1
333,1,1,333_1_2024-05-09,6,LURE,2229,1
333,1,1,333_1_2024-05-09,7,LURE,1963,1
333,1,1,333_1_2024-05-09,8,NORMAL,2150,1
333,1,1,333_1_2024-05-09,9,LURE,2749,1
333,1,1,333_1_2024-05-09,10,LURE,2202,1
333,1,1,333_1_2024-05-09,11,LURE,3335,1
333,1,1,333_1_2024-05-09,12,NORMAL,3203,1
333,1,1,333_1_2024-05-09,13,NORMAL,4152,1
333,1,1,333_1_2024-05-09,14,NORMAL,4069,1
333,1,1,333_1_2024-05-09,15,NORMAL,4534,1
333,1,1,333_1_2024-05-09,16,NORMAL,3635,1
333,1,1,333_1_2024-05-09,17,LURE,2296,1
333,1,1,333_1_2024-05-09,18,NORMAL,2271,1
333,2,2,333_2_2024-05-09,1,NORMAL,3735,1
333,2,2,333_2_2024-05-09,2,NORMAL,2350,1
333,2,2,333_2_2024-05-09,3,LURE,3218,1
333,2,2,333_2_2024-05-09,4,LURE,3730,1
333,2,2,333_2_2024-05-09,5,NORMAL,4067,1
333,2,2,333_2_2024-05-09,6,NORMAL,2635,1
333,2,2,333_2_2024-05-09,7,LURE,1717,1
333,2,2,333_2_2024-05-09,8,NORMAL,3834,1
333,2,2,333_2_2024-05-09,9,NORMAL,3020,1
333,2,2,333_2_2024-05-09,10,LURE,2717,1
333,2,2,333_2_2024-05-09,11,LURE,3034,1
333,2,2,333_2_2024-05-09,12,LURE,2751,1
333,2,2,333_2_2024-05-09,13,NORMAL,3383,1
333,2,2,333_2_2024-05-09,14,LURE,3534,1
333,2,2,333_2_2024-05-09,15,LURE,3733,1
333,2,2,333_2_2024-05-09,16,NORMAL,3035,1
333,2,2,333_2_2024-05-09,17,NORMAL,4652,1
333,2,2,333_2_2024-05-09,18,LURE,2785,1
333,3,3,333_3_2024-05-09,1,LURE,4193,1
333,3,3,333_3_2024-05-09,2,LURE,4785,1
333,3,3,333_3_2024-05-09,3,LURE,1700,1
333,3,3,333_3_2024-05-09,4,LURE,3217,1
333,3,3,333_3_2024-05-09,5,LURE,6018,1
333,3,3,333_3_2024-05-09,6,NORMAL,1816,1
333,3,3,333_3_2024-05-09,7,LURE,3868,1
333,3,3,333_3_2024-05-09,8,NORMAL,4950,1
333,3,3,333_3_2024-05-09,9,LURE,6203,1
333,3,3,333_3_2024-05-09,10,LURE,4400,1
333,3,3,333_3_2024-05-09,11,NORMAL,1984,1
333,3,3,333_3_2024-05-09,12,NORMAL,4069,1
333,3,3,333_3_2024-05-09,13,LURE,2401,1
333,3,3,333_3_2024-05-09,14,NORMAL,2952,1
333,3,3,333_3_2024-05-09,15,NORMAL,3418,1
333,3,3,333_3_2024-05-09,16,NORMAL,5735,1
333,3,3,333_3_2024-05-09,17,NORMAL,4101,1
333,3,3,333_3_2024-05-09,18,NORMAL,2566,1
334,1,1,334_1_2024-05-07,1,LURE,3116,1
334,1,1,334_1_2024-05-07,2,NORMAL,2116,1
334,1,1,334_1_2024-05-07,3,NORMAL,2498,1
334,1,1,334_1_2024-05-07,4,LURE,3142,1
334,1,1,334_1_2024-05-07,5,LURE,3618,1
334,1,1,334_1_2024-05-07,6,NORMAL,4666,1
334,1,1,334_1_2024-05-07,7,LURE,3447,1
334,1,1,334_1_2024-05-07,8,LURE,1400,1
334,1,1,334_1_2024-05-07,9,NORMAL,1720,1
334,1,1,334_1_2024-05-07,10,LURE,1500,1
334,1,1,334_1_2024-05-07,11,LURE,1516,1
334,1,1,334_1_2024-05-07,12,NORMAL,1283,1
334,1,1,334_1_2024-05-07,13,LURE,3416,1
334,1,1,334_1_2024-05-07,14,NORMAL,4252,1
334,1,1,334_1_2024-05-07,15,NORMAL,1599,1
334,1,1,334_1_2024-05-07,16,LURE,1118,1
334,1,1,334_1_2024-05-07,17,NORMAL,2018,1
334,1,1,334_1_2024-05-07,18,NORMAL,1800,1
334,2,2,334_2_2024-05-07,1,LURE,2567,1
334,2,2,334_2_2024-05-07,2,NORMAL,1151,1
334,2,2,334_2_2024-05-07,3,NORMAL,2184,1
334,2,2,334_2_2024-05-07,4,LURE,1849,1
334,2,2,334_2_2024-05-07,5,NORMAL,3437,1
334,2,2,334_2_2024-05-07,6,NORMAL,2201,1
334,2,2,334_2_2024-05-07,7,NORMAL,2502,1
334,2,2,334_2_2024-05-07,8,NORMAL,1617,1
334,2,2,334_2_2024-05-07,9,NORMAL,2135,1
334,2,2,334_2_2024-05-07,10,LURE,1484,1
334,2,2,334_2_2024-05-07,11,LURE,1817,1
334,2,2,334_2_2024-05-07,12,NORMAL,2318,1
334,2,2,334_2_2024-05-07,13,LURE,2301,1
334,2,2,334_2_2024-05-07,14,NORMAL,1301,1
334,2,2,334_2_2024-05-07,15,LURE,1117,1
334,2,2,334_2_2024-05-07,16,LURE,2049,1
334,2,2,334_2_2024-05-07,17,LURE,2034,1
334,2,2,334_2_2024-05-07,18,LURE,3183,1
334,3,3,334_3_2024-05-07,1,NORMAL,2552,1
334,3,3,334_3_2024-05-07,2,NORMAL,1651,1
334,3,3,334_3_2024-05-07,3,NORMAL,984,1
334,3,3,334_3_2024-05-07,4,NORMAL,1167,1
334,3,3,334_3_2024-05-07,5,NORMAL,1351,1
334,3,3,334_3_2024-05-07,6,LURE,1549,0
334,3,3,334_3_2024-05-07,7,LURE,1201,1
334,3,3,334_3_2024-05-07,8,LURE,1333,1
334,3,3,334_3_2024-05-07,9,LURE,1016,0
334,3,3,334_3_2024-05-07,10,LURE,1734,0
334,3,3,334_3_2024-05-07,11,LURE,4733,1
334,3,3,334_3_2024-05-07,12,NORMAL,2336,1
334,3,3,334_3_2024-05-07,13,LURE,2018,1
334,3,3,334_3_2024-05-07,14,LURE,1549,1
334,3,3,334_3_2024-05-07,15,NORMAL,1836,1
334,3,3,334_3_2024-05-07,16,NORMAL,2336,1
334,3,3,334_3_2024-05-07,17,NORMAL,2566,1
334,3,3,334_3_2024-05-07,18,LURE,2034,1
335,1,1,335_1_2024-05-13,1,LURE,4656,1
335,1,1,335_1_2024-05-13,2,NORMAL,3388,1
335,1,1,335_1_2024-05-13,3,LURE,2184,1
335,1,1,335_1_2024-05-13,4,LURE,7958,1
335,1,1,335_1_2024-05-13,5,NORMAL,4268,1
335,1,1,335_1_2024-05-13,6,NORMAL,4235,1
335,1,1,335_1_2024-05-13,7,NORMAL,1769,1
335,1,1,335_1_2024-05-13,8,LURE,5167,1
335,1,1,335_1_2024-05-13,9,LURE,2335,1
335,1,1,335_1_2024-05-13,10,LURE,7170,1
335,1,1,335_1_2024-05-13,11,NORMAL,3951,1
335,1,1,335_1_2024-05-13,12,NORMAL,2137,0
335,1,1,335_1_2024-05-13,13,NORMAL,2384,1
335,1,1,335_1_2024-05-13,14,LURE,3000,1
335,1,1,335_1_2024-05-13,15,LURE,4766,1
335,1,1,335_1_2024-05-13,16,LURE,2000,1
335,1,1,335_1_2024-05-13,17,NORMAL,3000,1
335,1,1,335_1_2024-05-13,18,NORMAL,3982,1
335,2,2,335_2_2024-05-13,1,LURE,1334,1
335,2,2,335_2_2024-05-13,2,NORMAL,2466,1
335,2,2,335_2_2024-05-13,3,NORMAL,2215,1
335,2,2,335_2_2024-05-13,4,NORMAL,4050,1
335,2,2,335_2_2024-05-13,5,LURE,2400,1
335,2,2,335_2_2024-05-13,6,NORMAL,2467,1
335,2,2,335_2_2024-05-13,7,NORMAL,7486,1
335,2,2,335_2_2024-05-13,8,LURE,2337,1
335,2,2,335_2_2024-05-13,9,LURE,3235,1
335,2,2,335_2_2024-05-13,10,LURE,2050,0
335,2,2,335_2_2024-05-13,11,LURE,2702,1
335,2,2,335_2_2024-05-13,12,LURE,4350,1
335,2,2,335_2_2024-05-13,13,NORMAL,3600,1
335,2,2,335_2_2024-05-13,14,LURE,3250,1
335,2,2,335_2_2024-05-13,15,NORMAL,3417,1
335,2,2,335_2_2024-05-13,16,NORMAL,2034,1
335,2,2,335_2_2024-05-13,17,NORMAL,4172,1
335,2,2,335_2_2024-05-13,18,LURE,3267,1
335,3,3,335_3_2024-05-13,1,LURE,1719,1
335,3,3,335_3_2024-05-13,2,LURE,8286,1
335,3,3,335_3_2024-05-13,3,LURE,3266,1
335,3,3,335_3_2024-05-13,4,NORMAL,4617,1
335,3,3,335_3_2024-05-13,5,LURE,2017,0
335,3,3,335_3_2024-05-13,6,NORMAL,2263,1
335,3,3,335_3_2024-05-13,7,LURE,2385,1
335,3,3,335_3_2024-05-13,8,LURE,2567,1
335,3,3,335_3_2024-05-13,9,NORMAL,4635,1
335,3,3,335_3_2024-05-13,10,LURE,3417,1
335,3,3,335_3_2024-05-13,11,NORMAL,5269,1
335,3,3,335_3_2024-05-13,12,NORMAL,2602,1
335,3,3,335_3_2024-05-13,13,NORMAL,4468,1
335,3,3,335_3_2024-05-13,14,NORMAL,2800,1
335,3,3,335_3_2024-05-13,15,LURE,3299,1
335,3,3,335_3_2024-05-13,16,NORMAL,1834,1
335,3,3,335_3_2024-05-13,17,LURE,2317,1
335,3,3,335_3_2024-05-13,18,NORMAL,2468,1
336,1,1,336_1_2024-05-23,1,LURE,2170,1
336,1,1,336_1_2024-05-23,2,LURE,3178,1
336,1,1,336_1_2024-05-23,3,LURE,1966,1
336,1,1,336_1_2024-05-23,4,NORMAL,1722,1
336,1,1,336_1_2024-05-23,5,NORMAL,2620,1
336,1,1,336_1_2024-05-23,6,LURE,2897,1
336,1,1,336_1_2024-05-23,7,LURE,1516,1
336,1,1,336_1_2024-05-23,8,NORMAL,3000,1
336,1,1,336_1_2024-05-23,9,NORMAL,3651,1
336,1,1,336_1_2024-05-23,10,NORMAL,2118,1
336,1,1,336_1_2024-05-23,11,LURE,3801,1
336,1,1,336_1_2024-05-23,12,NORMAL,1801,1
336,1,1,336_1_2024-05-23,13,NORMAL,3968,1
336,1,1,336_1_2024-05-23,14,LURE,1399,1
336,1,1,336_1_2024-05-23,15,LURE,1833,1
336,1,1,336_1_2024-05-23,16,LURE,2398,1
336,1,1,336_1_2024-05-23,17,NORMAL,1733,1
336,1,1,336_1_2024-05-23,18,NORMAL,2533,1
336,2,2,336_2_2024-05-23,1,NORMAL,1884,1
336,2,2,336_2_2024-05-23,2,NORMAL,1701,1
336,2,2,336_2_2024-05-23,3,LURE,1782,1
336,2,2,336_2_2024-05-23,4,LURE,3929,1
336,2,2,336_2_2024-05-23,5,LURE,3702,1
336,2,2,336_2_2024-05-23,6,LURE,2200,1
336,2,2,336_2_2024-05-23,7,LURE,7520,1
336,2,2,336_2_2024-05-23,8,NORMAL,1916,1
336,2,2,336_2_2024-05-23,9,NORMAL,2583,1
336,2,2,336_2_2024-05-23,10,LURE,1833,1
336,2,2,336_2_2024-05-23,11,NORMAL,1867,1
336,2,2,336_2_2024-05-23,12,NORMAL,2666,1
336,2,2,336_2_2024-05-23,13,LURE,2868,1
336,2,2,336_2_2024-05-23,14,LURE,3567,1
336,2,2,336_2_2024-05-23,15,LURE,3134,1
336,2,2,336_2_2024-05-23,16,NORMAL,2285,1
336,2,2,336_2_2024-05-23,17,NORMAL,2450,1
336,2,2,336_2_2024-05-23,18,NORMAL,1200,1
336,3,3,336_3_2024-05-23,1,NORMAL,4571,1
336,3,3,336_3_2024-05-23,2,LURE,3618,1
336,3,3,336_3_2024-05-23,3,NORMAL,1915,1
336,3,3,336_3_2024-05-23,4,LURE,2218,1
336,3,3,336_3_2024-05-23,5,LURE,3767,1
336,3,3,336_3_2024-05-23,6,NORMAL,3153,1
336,3,3,336_3_2024-05-23,7,LURE,3551,1
336,3,3,336_3_2024-05-23,8,NORMAL,1733,1
336,3,3,336_3_2024-05-23,9,LURE,5267,1
336,3,3,336_3_2024-05-23,10,LURE,1584,1
336,3,3,336_3_2024-05-23,11,LURE,2767,1
336,3,3,336_3_2024-05-23,12,NORMAL,1800,1
336,3,3,336_3_2024-05-23,13,NORMAL,2770,1
336,3,3,336_3_2024-05-23,14,NORMAL,1500,1
336,3,3,336_3_2024-05-23,15,NORMAL,2385,1
336,3,3,336_3_2024-05-23,16,NORMAL,3845,1
336,3,3,336_3_2024-05-23,17,LURE,2417,1
336,3,3,336_3_2024-05-23,18,LURE,5333,1
337,1,1,337_1_2024-07-24,1,NORMAL,2583,1
337,1,1,337_1_2024-07-24,2,LURE,3230,1
337,1,1,337_1_2024-07-24,3,NORMAL,1968,1
337,1,1,337_1_2024-07-24,4,LURE,1998,1
337,1,1,337_1_2024-07-24,5,LURE,1682,1
337,1,1,337_1_2024-07-24,6,LURE,1217,1
337,1,1,337_1_2024-07-24,7,NORMAL,1583,1
337,1,1,337_1_2024-07-24,8,LURE,2432,0
337,1,1,337_1_2024-07-24,9,LURE,3565,1
337,1,1,337_1_2024-07-24,10,LURE,2267,1
337,1,1,337_1_2024-07-24,11,NORMAL,999,1
337,1,1,337_1_2024-07-24,12,NORMAL,1966,1
337,1,1,337_1_2024-07-24,13,NORMAL,1950,1
337,1,1,337_1_2024-07-24,14,LURE,2801,1
337,1,1,337_1_2024-07-24,15,NORMAL,2417,1
337,1,1,337_1_2024-07-24,16,NORMAL,3051,1
337,1,1,337_1_2024-07-24,17,NORMAL,2602,1
337,1,1,337_1_2024-07-24,18,LURE,2150,1
337,2,2,337_2_2024-07-24,1,LURE,4288,1
337,2,2,337_2_2024-07-24,2,LURE,1634,0
337,2,2,337_2_2024-07-24,3,NORMAL,3417,1
337,2,2,337_2_2024-07-24,4,NORMAL,4436,1
337,2,2,337_2_2024-07-24,5,NORMAL,2249,1
337,2,2,337_2_2024-07-24,6,NORMAL,2135,1
337,2,2,337_2_2024-07-24,7,NORMAL,1787,1
337,2,2,337_2_2024-07-24,8,NORMAL,2933,1
337,2,2,337_2_2024-07-24,9,LURE,1266,1
337,2,2,337_2_2024-07-24,10,LURE,1767,1
337,2,2,337_2_2024-07-24,11,LURE,1584,1
337,2,2,337_2_2024-07-24,12,NORMAL,1383,1
337,2,2,337_2_2024-07-24,13,LURE,2050,1
337,2,2,337_2_2024-07-24,14,NORMAL,1450,1
337,2,2,337_2_2024-07-24,15,LURE,3852,1
337,2,2,337_2_2024-07-24,16,LURE,1883,1
337,2,2,337_2_2024-07-24,17,NORMAL,1636,1
337,2,2,337_2_2024-07-24,18,LURE,1316,1
337,3,3,337_3_2024-07-24,1,NORMAL,3186,1
337,3,3,337_3_2024-07-24,2,NORMAL,1752,1
337,3,3,337_3_2024-07-24,3,NORMAL,1900,1
337,3,3,337_3_2024-07-24,4,NORMAL,2884,1
337,3,3,337_3_2024-07-24,5,NORMAL,3234,1
337,3,3,337_3_2024-07-24,6,LURE,1417,1
337,3,3,337_3_2024-07-24,7,LURE,2967,1
337,3,3,337_3_2024-07-24,8,LURE,3866,1
337,3,3,337_3_2024-07-24,9,LURE,1565,0
337,3,3,337_3_2024-07-24,10,NORMAL,1651,1
337,3,3,337_3_2024-07-24,11,LURE,1434,1
337,3,3,337_3_2024-07-24,12,NORMAL,1916,1
337,3,3,337_3_2024-07-24,13,LURE,3817,1
337,3,3,337_3_2024-07-24,14,LURE,2735,1
337,3,3,337_3_2024-07-24,15,LURE,1617,1
337,3,3,337_3_2024-07-24,16,NORMAL,2465,1
337,3,3,337_3_2024-07-24,17,NORMAL,1982,1
337,3,3,337_3_2024-07-24,18,LURE,3368,1
338,1,1,338_1_2024-07-15,1,LURE,2380,0
338,1,1,338_1_2024-07-15,2,LURE,2322,1
338,1,1,338_1_2024-07-15,3,NORMAL,2863,1
338,1,1,338_1_2024-07-15,4,LURE,2375,1
338,1,1,338_1_2024-07-15,5,NORMAL,2685,1
338,1,1,338_1_2024-07-15,6,NORMAL,1616,1
338,1,1,338_1_2024-07-15,7,LURE,1683,1
338,1,1,338_1_2024-07-15,8,LURE,3884,0
338,1,1,338_1_2024-07-15,9,NORMAL,3516,1
338,1,1,338_1_2024-07-15,10,NORMAL,4967,1
338,1,1,338_1_2024-07-15,11,LURE,3098,1
338,1,1,338_1_2024-07-15,12,NORMAL,4500,1
338,1,1,338_1_2024-07-15,13,LURE,1399,1
338,1,1,338_1_2024-07-15,14,LURE,1699,1
338,1,1,338_1_2024-07-15,15,NORMAL,3353,1
338,1,1,338_1_2024-07-15,16,LURE,1278,1
338,1,1,338_1_2024-07-15,17,NORMAL,3355,1
338,1,1,338_1_2024-07-15,18,NORMAL,1217,1
338,2,2,338_2_2024-07-15,1,NORMAL,3908,1
338,2,2,338_2_2024-07-15,2,NORMAL,1283,1
338,2,2,338_2_2024-07-15,3,NORMAL,2217,1
338,2,2,338_2_2024-07-15,4,NORMAL,2585,1
338,2,2,338_2_2024-07-15,5,NORMAL,1498,1
338,2,2,338_2_2024-07-15,6,LURE,3667,1
338,2,2,338_2_2024-07-15,7,LURE,2935,1
338,2,2,338_2_2024-07-15,8,LURE,2634,1
338,2,2,338_2_2024-07-15,9,LURE,2685,1
338,2,2,338_2_2024-07-15,10,NORMAL,1517,1
338,2,2,338_2_2024-07-15,11,LURE,1267,1
338,2,2,338_2_2024-07-15,12,NORMAL,4267,1
338,2,2,338_2_2024-07-15,13,LURE,3333,1
338,2,2,338_2_2024-07-15,14,NORMAL,3384,1
338,2,2,338_2_2024-07-15,15,LURE,1536,1
338,2,2,338_2_2024-07-15,16,NORMAL,2651,1
338,2,2,338_2_2024-07-15,17,LURE,2337,1
338,2,2,338_2_2024-07-15,18,LURE,5300,1
338,3,3,338_3_2024-07-15,1,NORMAL,1483,1
338,3,3,338_3_2024-07-15,2,LURE,1199,0
338,3,3,338_3_2024-07-15,3,NORMAL,3968,1
338,3,3,338_3_2024-07-15,4,NORMAL,3901,1
338,3,3,338_3_2024-07-15,5,NORMAL,3320,1
338,3,3,338_3_2024-07-15,6,NORMAL,1381,1
338,3,3,338_3_2024-07-15,7,NORMAL,2902,1
338,3,3,338_3_2024-07-15,8,LURE,1716,1
338,3,3,338_3_2024-07-15,9,LURE,3601,1
338,3,3,338_3_2024-07-15,10,LURE,3601,1
338,3,3,338_3_2024-07-15,11,NORMAL,2167,1
338,3,3,338_3_2024-07-15,12,LURE,2449,1
338,3,3,338_3_2024-07-15,13,NORMAL,1651,1
338,3,3,338_3_2024-07-15,14,LURE,1918,1
338,3,3,338_3_2024-07-15,15,LURE,4436,1
338,3,3,338_3_2024-07-15,16,NORMAL,2400,1
338,3,3,338_3_2024-07-15,17,LURE,1083,1
338,3,3,338_3_2024-07-15,18,LURE,3418,1
339,1,1,339_1_2024-07-22,1,LURE,2033,1
339,1,1,339_1_2024-07-22,2,LURE,2375,1
339,1,1,339_1_2024-07-22,3,LURE,2924,1
339,1,1,339_1_2024-07-22,4,NORMAL,1375,1
339,1,1,339_1_2024-07-22,5,NORMAL,2655,1
339,1,1,339_1_2024-07-22,6,NORMAL,1933,1
339,1,1,339_1_2024-07-22,7,LURE,2616,1
339,1,1,339_1_2024-07-22,8,LURE,2583,1
339,1,1,339_1_2024-07-22,9,LURE,1649,1
339,1,1,339_1_2024-07-22,10,NORMAL,2101,1
339,1,1,339_1_2024-07-22,11,LURE,1613,1
339,1,1,339_1_2024-07-22,12,LURE,2819,1
339,1,1,339_1_2024-07-22,13,NORMAL,3218,1
339,1,1,339_1_2024-07-22,14,NORMAL,1584,1
339,1,1,339_1_2024-07-22,15,NORMAL,2600,1
339,1,1,339_1_2024-07-22,16,NORMAL,2018,1
339,1,1,339_1_2024-07-22,17,LURE,2267,1
339,1,1,339_1_2024-07-22,18,NORMAL,1968,1
339,2,2,339_2_2024-07-22,1,NORMAL,1367,1
339,2,2,339_2_2024-07-22,2,LURE,1402,1
339,2,2,339_2_2024-07-22,3,NORMAL,1817,1
339,2,2,339_2_2024-07-22,4,NORMAL,1182,1
339,2,2,339_2_2024-07-22,5,NORMAL,2202,1
339,2,2,339_2_2024-07-22,6,LURE,1533,1
339,2,2,339_2_2024-07-22,7,NORMAL,1400,1
339,2,2,339_2_2024-07-22,8,LURE,2833,1
339,2,2,339_2_2024-07-22,9,LURE,1851,1
339,2,2,339_2_2024-07-22,10,LURE,3151,1
339,2,2,339_2_2024-07-22,11,NORMAL,3334,1
339,2,2,339_2_2024-07-22,12,LURE,3101,1
339,2,2,339_2_2024-07-22,13,NORMAL,1935,1
339,2,2,339_2_2024-07-22,14,NORMAL,3967,1
339,2,2,339_2_2024-07-22,15,LURE,2670,1
339,2,2,339_2_2024-07-22,16,LURE,2168,1
339,2,2,339_2_2024-07-22,17,LURE,1400,1
339,2,2,339_2_2024-07-22,18,NORMAL,2100,1
339,3,3,339_3_2024-07-22,1,NORMAL,1269,1
339,3,3,339_3_2024-07-22,2,NORMAL,1500,1
339,3,3,339_3_2024-07-22,3,LURE,1350,1
339,3,3,339_3_2024-07-22,4,LURE,2870,1
339,3,3,339_3_2024-07-22,5,LURE,1602,1
339,3,3,339_3_2024-07-22,6,NORMAL,1349,1
339,3,3,339_3_2024-07-22,7,LURE,3050,1
339,3,3,339_3_2024-07-22,8,NORMAL,3320,1
339,3,3,339_3_2024-07-22,9,LURE,3503,1
339,3,3,339_3_2024-07-22,10,LURE,3400,1
339,3,3,339_3_2024-07-22,11,LURE,2252,1
339,3,3,339_3_2024-07-22,12,NORMAL,2769,1
339,3,3,339_3_2024-07-22,13,NORMAL,3233,1
339,3,3,339_3_2024-07-22,14,LURE,3101,1
339,3,3,339_3_2024-07-22,15,NORMAL,3499,1
339,3,3,339_3_2024-07-22,16,NORMAL,1985,1
339,3,3,339_3_2024-07-22,17,NORMAL,2635,1
339,3,3,339_3_2024-07-22,18,LURE,2150,1
340,1,1,340_1_2024-07-30,1,LURE,6273,1
340,1,1,340_1_2024-07-30,2,LURE,2376,1
340,1,1,340_1_2024-07-30,3,LURE,2106,1
340,1,1,340_1_2024-07-30,4,LURE,1027,1
340,1,1,340_1_2024-07-30,5,NORMAL,3117,1
340,1,1,340_1_2024-07-30,6,NORMAL,6952,1
340,1,1,340_1_2024-07-30,7,NORMAL,3301,1
340,1,1,340_1_2024-07-30,8,LURE,3301,1
340,1,1,340_1_2024-07-30,9,NORMAL,3835,1
340,1,1,340_1_2024-07-30,10,NORMAL,2250,1
340,1,1,340_1_2024-07-30,11,LURE,2633,1
340,1,1,340_1_2024-07-30,12,NORMAL,5019,1
340,1,1,340_1_2024-07-30,13,NORMAL,3998,1
340,1,1,340_1_2024-07-30,14,LURE,2580,1
340,1,1,340_1_2024-07-30,15,LURE,4183,1
340,1,1,340_1_2024-07-30,16,LURE,5103,1
340,1,1,340_1_2024-07-30,17,NORMAL,2882,1
340,1,1,340_1_2024-07-30,18,NORMAL,1415,1
340,2,2,340_2_2024-07-30,1,LURE,6996,1
340,2,2,340_2_2024-07-30,2,NORMAL,6418,1
340,2,2,340_2_2024-07-30,3,NORMAL,1916,1
340,2,2,340_2_2024-07-30,4,LURE,2386,1
340,2,2,340_2_2024-07-30,5,NORMAL,2418,1
340,2,2,340_2_2024-07-30,6,NORMAL,3916,1
340,2,2,340_2_2024-07-30,7,LURE,12353,1
340,2,2,340_2_2024-07-30,8,LURE,1401,1
340,2,2,340_2_2024-07-30,9,LURE,3401,1
340,2,2,340_2_2024-07-30,10,NORMAL,2018,1
340,2,2,340_2_2024-07-30,11,LURE,3317,1
340,2,2,340_2_2024-07-30,12,NORMAL,5335,1
340,2,2,340_2_2024-07-30,13,LURE,1850,1
340,2,2,340_2_2024-07-30,14,NORMAL,2367,1
340,2,2,340_2_2024-07-30,15,NORMAL,2418,1
340,2,2,340_2_2024-07-30,16,LURE,4835,1
340,2,2,340_2_2024-07-30,17,LURE,1684,1
340,2,2,340_2_2024-07-30,18,NORMAL,1832,1
340,3,3,340_3_2024-07-30,1,LURE,5711,1
340,3,3,340_3_2024-07-30,2,LURE,2200,1
340,3,3,340_3_2024-07-30,3,NORMAL,2066,1
340,3,3,340_3_2024-07-30,4,NORMAL,2735,1
340,3,3,340_3_2024-07-30,5,NORMAL,1499,1
340,3,3,340_3_2024-07-30,6,NORMAL,2469,1
340,3,3,340_3_2024-07-30,7,LURE,2850,1
340,3,3,340_3_2024-07-30,8,LURE,2119,1
340,3,3,340_3_2024-07-30,9,NORMAL,1516,1
340,3,3,340_3_2024-07-30,10,LURE,2667,1
340,3,3,340_3_2024-07-30,11,NORMAL,3584,1
340,3,3,340_3_2024-07-30,12,LURE,2000,1
340,3,3,340_3_2024-07-30,13,NORMAL,1666,1
340,3,3,340_3_2024-07-30,14,NORMAL,3399,1
340,3,3,340_3_2024-07-30,15,LURE,4286,1
340,3,3,340_3_2024-07-30,16,LURE,1399,1
340,3,3,340_3_2024-07-30,17,NORMAL,3269,1
340,3,3,340_3_2024-07-30,18,LURE,2135,1
341,1,1,341_1_2024-08-12,1,LURE,4175,1
341,1,1,341_1_2024-08-12,2,NORMAL,4069,1
341,1,1,341_1_2024-08-12,3,NORMAL,1501,1
341,1,1,341_1_2024-08-12,4,NORMAL,1449,1
341,1,1,341_1_2024-08-12,5,NORMAL,2721,1
341,1,1,341_1_2024-08-12,6,LURE,3316,1
341,1,1,341_1_2024-08-12,7,LURE,3401,1
341,1,1,341_1_2024-08-12,8,LURE,1435,1
341,1,1,341_1_2024-08-12,9,NORMAL,1834,1
341,1,1,341_1_2024-08-12,10,LURE,3069,1
341,1,1,341_1_2024-08-12,11,LURE,3052,1
341,1,1,341_1_2024-08-12,12,LURE,2470,1
341,1,1,341_1_2024-08-12,13,NORMAL,2819,1
341,1,1,341_1_2024-08-12,14,NORMAL,2567,1
341,1,1,341_1_2024-08-12,15,NORMAL,2049,1
341,1,1,341_1_2024-08-12,16,LURE,2417,1
341,1,1,341_1_2024-08-12,17,LURE,2933,1
341,1,1,341_1_2024-08-12,18,NORMAL,3501,1
341,2,2,341_2_2024-08-12,1,LURE,6017,1
341,2,2,341_2_2024-08-12,2,NORMAL,2966,1
341,2,2,341_2_2024-08-12,3,LURE,1182,1
341,2,2,341_2_2024-08-12,4,NORMAL,2335,1
341,2,2,341_2_2024-08-12,5,LURE,2115,1
341,2,2,341_2_2024-08-12,6,LURE,1567,1
341,2,2,341_2_2024-08-12,7,NORMAL,2150,1
341,2,2,341_2_2024-08-12,8,LURE,2850,1
341,2,2,341_2_2024-08-12,9,NORMAL,2117,1
341,2,2,341_2_2024-08-12,10,NORMAL,3250,1
341,2,2,341_2_2024-08-12,11,LURE,2001,1
341,2,2,341_2_2024-08-12,12,LURE,1584,1
341,2,2,341_2_2024-08-12,13,LURE,1667,1
341,2,2,341_2_2024-08-12,14,NORMAL,1568,1
341,2,2,341_2_2024-08-12,15,LURE,1400,1
341,2,2,341_2_2024-08-12,16,NORMAL,1016,1
341,2,2,341_2_2024-08-12,17,NORMAL,1316,1
341,2,2,341_2_2024-08-12,18,NORMAL,1968,1
341,3,3,341_3_2024-08-12,1,NORMAL,2522,1
341,3,3,341_3_2024-08-12,2,NORMAL,1266,1
341,3,3,341_3_2024-08-12,3,LURE,2084,1
341,3,3,341_3_2024-08-12,4,NORMAL,1850,1
341,3,3,341_3_2024-08-12,5,LURE,1149,1
341,3,3,341_3_2024-08-12,6,NORMAL,1586,1
341,3,3,341_3_2024-08-12,7,LURE,1966,1
341,3,3,341_3_2024-08-12,8,LURE,1917,0
341,3,3,341_3_2024-08-12,9,LURE,1967,1
341,3,3,341_3_2024-08-12,10,NORMAL,1000,1
341,3,3,341_3_2024-08-12,11,LURE,2517,1
341,3,3,341_3_2024-08-12,12,NORMAL,1885,1
341,3,3,341_3_2024-08-12,13,NORMAL,1651,1
341,3,3,341_3_2024-08-12,14,LURE,2802,1
341,3,3,341_3_2024-08-12,15,NORMAL,2383,1
341,3,3,341_3_2024-08-12,16,LURE,933,1
341,3,3,341_3_2024-08-12,17,LURE,1216,1
341,3,3,341_3_2024-08-12,18,NORMAL,1566,1
342,1,1,342_1_2024-08-19,1,NORMAL,5062,1
342,1,1,342_1_2024-08-19,2,LURE,9135,1
342,1,1,342_1_2024-08-19,3,NORMAL,6634,1
342,1,1,342_1_2024-08-19,4,LURE,3451,1
342,1,1,342_1_2024-08-19,5,NORMAL,5234,1
342,1,1,342_1_2024-08-19,6,NORMAL,3884,1
342,1,1,342_1_2024-08-19,7,NORMAL,5067,1
342,1,1,342_1_2024-08-19,8,LURE,6001,1
342,1,1,342_1_2024-08-19,9,LURE,30211,1
342,1,1,342_1_2024-08-19,10,LURE,4635,1
342,1,1,342_1_2024-08-19,11,NORMAL,4268,1
342,1,1,342_1_2024-08-19,12,NORMAL,4467,1
342,1,1,342_1_2024-08-19,13,LURE,2452,1
342,1,1,342_1_2024-08-19,14,NORMAL,3602,1
342,1,1,342_1_2024-08-19,15,LURE,3384,1
342,1,1,342_1_2024-08-19,16,NORMAL,3649,1
342,1,1,342_1_2024-08-19,17,LURE,5468,1
342,1,1,342_1_2024-08-19,18,LURE,6935,1
342,2,2,342_2_2024-08-19,1,NORMAL,2435,1
342,2,2,342_2_2024-08-19,2,LURE,2618,1
342,2,2,342_2_2024-08-19,3,NORMAL,4120,1
342,2,2,342_2_2024-08-19,4,NORMAL,7302,1
342,2,2,342_2_2024-08-19,5,NORMAL,4083,1
342,2,2,342_2_2024-08-19,6,NORMAL,5434,1
342,2,2,342_2_2024-08-19,7,NORMAL,11121,1
342,2,2,342_2_2024-08-19,8,LURE,5851,1
342,2,2,342_2_2024-08-19,9,LURE,2899,0
342,2,2,342_2_2024-08-19,10,LURE,2501,1
342,2,2,342_2_2024-08-19,11,LURE,3604,1
342,2,2,342_2_2024-08-19,12,NORMAL,5002,1
342,2,2,342_2_2024-08-19,13,LURE,5201,1
342,2,2,342_2_2024-08-19,14,NORMAL,6001,1
342,2,2,342_2_2024-08-19,15,NORMAL,9268,1
342,2,2,342_2_2024-08-19,16,LURE,2566,1
342,2,2,342_2_2024-08-19,17,LURE,5573,1
342,2,2,342_2_2024-08-19,18,LURE,3235,1
342,3,3,342_3_2024-08-19,1,LURE,8007,1
342,3,3,342_3_2024-08-19,2,LURE,4651,1
342,3,3,342_3_2024-08-19,3,NORMAL,4152,1
342,3,3,342_3_2024-08-19,4,NORMAL,4468,1
342,3,3,342_3_2024-08-19,5,LURE,2176,1
342,3,3,342_3_2024-08-19,6,NORMAL,2226,1
342,3,3,342_3_2024-08-19,7,LURE,4151,1
342,3,3,342_3_2024-08-19,8,LURE,3883,1
342,3,3,342_3_2024-08-19,9,LURE,2801,1
342,3,3,342_3_2024-08-19,10,NORMAL,3300,1
342,3,3,342_3_2024-08-19,11,NORMAL,4318,1
342,3,3,342_3_2024-08-19,12,LURE,4204,1
342,3,3,342_3_2024-08-19,13,NORMAL,7385,1
342,3,3,342_3_2024-08-19,14,NORMAL,7488,1
342,3,3,342_3_2024-08-19,15,LURE,3582,1
342,3,3,342_3_2024-08-19,16,NORMAL,3716,1
342,3,3,342_3_2024-08-19,17,LURE,7937,1
342,3,3,342_3_2024-08-19,18,NORMAL,4602,1
343,1,1,343_1_2024-08-29,1,LURE,3224,1
343,1,1,343_1_2024-08-29,2,NORMAL,2834,1
343,1,1,343_1_2024-08-29,3,NORMAL,2234,1
343,1,1,343_1_2024-08-29,4,NORMAL,3211,1
343,1,1,343_1_2024-08-29,5,NORMAL,3234,1
343,1,1,343_1_2024-08-29,6,LURE,2716,1
343,1,1,343_1_2024-08-29,7,NORMAL,3334,1
343,1,1,343_1_2024-08-29,8,NORMAL,3215,1
343,1,1,343_1_2024-08-29,9,LURE,2067,1
343,1,1,343_1_2024-08-29,10,LURE,2299,1
343,1,1,343_1_2024-08-29,11,NORMAL,2849,1
343,1,1,343_1_2024-08-29,12,LURE,4202,1
343,1,1,343_1_2024-08-29,13,LURE,3581,1
343,1,1,343_1_2024-08-29,14,NORMAL,2701,1
343,1,1,343_1_2024-08-29,15,LURE,3951,1
343,1,1,343_1_2024-08-29,16,LURE,1501,1
343,1,1,343_1_2024-08-29,17,LURE,2783,1
343,1,1,343_1_2024-08-29,18,NORMAL,1667,1
343,2,2,343_2_2024-08-29,1,LURE,1972,1
343,2,2,343_2_2024-08-29,2,NORMAL,2518,1
343,2,2,343_2_2024-08-29,3,NORMAL,2535,1
343,2,2,343_2_2024-08-29,4,NORMAL,2782,1
343,2,2,343_2_2024-08-29,5,NORMAL,2883,1
343,2,2,343_2_2024-08-29,6,LURE,2416,1
343,2,2,343_2_2024-08-29,7,LURE,2069,1
343,2,2,343_2_2024-08-29,8,NORMAL,3002,1
343,2,2,343_2_2024-08-29,9,NORMAL,2437,1
343,2,2,343_2_2024-08-29,10,LURE,3801,1
343,2,2,343_2_2024-08-29,11,LURE,3734,1
343,2,2,343_2_2024-08-29,12,LURE,2885,1
343,2,2,343_2_2024-08-29,13,NORMAL,2418,1
343,2,2,343_2_2024-08-29,14,LURE,2234,1
343,2,2,343_2_2024-08-29,15,NORMAL,2801,1
343,2,2,343_2_2024-08-29,16,LURE,2585,1
343,2,2,343_2_2024-08-29,17,LURE,3005,1
343,2,2,343_2_2024-08-29,18,NORMAL,2087,1
343,3,3,343_3_2024-08-29,1,NORMAL,2417,1
343,3,3,343_3_2024-08-29,2,NORMAL,4429,1
343,3,3,343_3_2024-08-29,3,LURE,3116,1
343,3,3,343_3_2024-08-29,4,LURE,3283,1
343,3,3,343_3_2024-08-29,5,LURE,4534,1
343,3,3,343_3_2024-08-29,6,LURE,2066,1
343,3,3,343_3_2024-08-29,7,LURE,2182,1
343,3,3,343_3_2024-08-29,8,NORMAL,2065,1
343,3,3,343_3_2024-08-29,9,NORMAL,4434,1
343,3,3,343_3_2024-08-29,10,NORMAL,4736,1
343,3,3,343_3_2024-08-29,11,NORMAL,5485,1
343,3,3,343_3_2024-08-29,12,NORMAL,2102,1
343,3,3,343_3_2024-08-29,13,LURE,2316,1
343,3,3,343_3_2024-08-29,14,LURE,5171,1
343,3,3,343_3_2024-08-29,15,LURE,3067,1
343,3,3,343_3_2024-08-29,16,NORMAL,2482,1
343,3,3,343_3_2024-08-29,17,LURE,2136,1
343,3,3,343_3_2024-08-29,18,NORMAL,2570,1
346,1,1,346_1_2024-09-19,1,LURE,870,1
346,1,1,346_1_2024-09-19,2,LURE,913,0
346,1,1,346_1_2024-09-19,3,LURE,929,1
346,1,1,346_1_2024-09-19,4,NORMAL,2218,1
346,1,1,346_1_2024-09-19,5,LURE,704,1
346,1,1,346_1_2024-09-19,6,NORMAL,1331,1
346,1,1,346_1_2024-09-19,7,NORMAL,1672,1
346,1,1,346_1_2024-09-19,8,NORMAL,2517,1
346,1,1,346_1_2024-09-19,9,NORMAL,2931,1
346,1,1,346_1_2024-09-19,10,NORMAL,535,1
346,1,1,346_1_2024-09-19,11,LURE,2716,0
346,1,1,346_1_2024-09-19,12,LURE,1484,0
346,1,1,346_1_2024-09-19,13,NORMAL,1318,1
346,1,1,346_1_2024-09-19,14,NORMAL,652,1
346,1,1,346_1_2024-09-19,15,NORMAL,733,1
346,1,1,346_1_2024-09-19,16,LURE,2419,1
346,1,1,346_1_2024-09-19,17,LURE,2820,0
346,1,1,346_1_2024-09-19,18,LURE,818,1
346,2,2,346_2_2024-09-19,1,NORMAL,1283,1
346,2,2,346_2_2024-09-19,2,LURE,1603,0
346,2,2,346_2_2024-09-19,3,LURE,1142,1
346,2,2,346_2_2024-09-19,4,LURE,2051,0
346,2,2,346_2_2024-09-19,5,NORMAL,1202,1
346,2,2,346_2_2024-09-19,6,NORMAL,1253,1
346,2,2,346_2_2024-09-19,7,LURE,1401,1
346,2,2,346_2_2024-09-19,8,LURE,833,1
346,2,2,346_2_2024-09-19,9,LURE,3120,1
346,2,2,346_2_2024-09-19,10,LURE,718,0
346,2,2,346_2_2024-09-19,11,NORMAL,850,1
346,2,2,346_2_2024-09-19,12,NORMAL,2466,0
346,2,2,346_2_2024-09-19,13,NORMAL,3204,1
346,2,2,346_2_2024-09-19,14,LURE,902,0
346,2,2,346_2_2024-09-19,15,NORMAL,2767,1
346,2,2,346_2_2024-09-19,16,NORMAL,1183,1
346,2,2,346_2_2024-09-19,17,LURE,2049,1
346,2,2,346_2_2024-09-19,18,NORMAL,2636,1
346,3,3,346_3_2024-09-19,1,NORMAL,2826,1
346,3,3,346_3_2024-09-19,2,LURE,1117,1
346,3,3,346_3_2024-09-19,3,NORMAL,4567,1
346,3,3,346_3_2024-09-19,4,NORMAL,1417,1
346,3,3,346_3_2024-09-19,5,LURE,715,1
346,3,3,346_3_2024-09-19,6,NORMAL,2068,1
346,3,3,346_3_2024-09-19,7,LURE,2634,1
346,3,3,346_3_2024-09-19,8,LURE,2119,1
346,3,3,346_3_2024-09-19,9,NORMAL,1066,1
346,3,3,346_3_2024-09-19,10,LURE,1534,0
346,3,3,346_3_2024-09-19,11,NORMAL,1450,1
346,3,3,346_3_2024-09-19,12,LURE,1317,1
346,3,3,346_3_2024-09-19,13,NORMAL,1017,1
346,3,3,346_3_2024-09-19,14,LURE,1317,1
346,3,3,346_3_2024-09-19,15,NORMAL,1832,1
346,3,3,346_3_2024-09-19,16,NORMAL,3000,1
346,3,3,346_3_2024-09-19,17,LURE,682,1
346,3,3,346_3_2024-09-19,18,LURE,786,0
347,1,1,347_1_2024-09-23,1,NORMAL,3316,1
347,1,1,347_1_2024-09-23,2,LURE,4369,1
347,1,1,347_1_2024-09-23,3,NORMAL,8343,1
347,1,1,347_1_2024-09-23,4,NORMAL,2725,1
347,1,1,347_1_2024-09-23,5,LURE,2088,1
347,1,1,347_1_2024-09-23,6,LURE,2635,1
347,1,1,347_1_2024-09-23,7,NORMAL,2434,1
347,1,1,347_1_2024-09-23,8,LURE,4482,1
347,1,1,347_1_2024-09-23,9,NORMAL,2134,1
347,1,1,347_1_2024-09-23,10,NORMAL,2098,1
347,1,1,347_1_2024-09-23,11,LURE,3767,1
347,1,1,347_1_2024-09-23,12,NORMAL,3917,1
347,1,1,347_1_2024-09-23,13,LURE,2433,1
347,1,1,347_1_2024-09-23,14,LURE,2851,1
347,1,1,347_1_2024-09-23,15,NORMAL,4951,1
347,1,1,347_1_2024-09-23,16,NORMAL,4451,1
347,1,1,347_1_2024-09-23,17,LURE,4817,1
347,1,1,347_1_2024-09-23,18,LURE,4623,1
347,2,2,347_2_2024-09-23,1,LURE,3286,1
347,2,2,347_2_2024-09-23,2,NORMAL,4601,1
347,2,2,347_2_2024-09-23,3,NORMAL,3901,1
347,2,2,347_2_2024-09-23,4,LURE,1718,1
347,2,2,347_2_2024-09-23,5,LURE,3817,1
347,2,2,347_2_2024-09-23,6,LURE,6150,1
347,2,2,347_2_2024-09-23,7,LURE,2900,1
347,2,2,347_2_2024-09-23,8,NORMAL,2867,1
347,2,2,347_2_2024-09-23,9,NORMAL,2966,1
347,2,2,347_2_2024-09-23,10,NORMAL,3234,1
347,2,2,347_2_2024-09-23,11,NORMAL,2952,1
347,2,2,347_2_2024-09-23,12,LURE,5285,1
347,2,2,347_2_2024-09-23,13,NORMAL,5500,1
347,2,2,347_2_2024-09-23,14,NORMAL,1588,1
347,2,2,347_2_2024-09-23,15,LURE,2367,1
347,2,2,347_2_2024-09-23,16,LURE,3285,1
347,2,2,347_2_2024-09-23,17,LURE,7952,1
347,2,2,347_2_2024-09-23,18,NORMAL,3749,1
347,3,3,347_3_2024-09-23,1,NORMAL,1367,1
347,3,3,347_3_2024-09-23,2,LURE,3826,1
347,3,3,347_3_2024-09-23,3,LURE,3966,1
347,3,3,347_3_2024-09-23,4,NORMAL,2249,1
347,3,3,347_3_2024-09-23,5,LURE,3518,1
347,3,3,347_3_2024-09-23,6,NORMAL,4401,1
347,3,3,347_3_2024-09-23,7,NORMAL,2171,1
347,3,3,347_3_2024-09-23,8,LURE,5472,1
347,3,3,347_3_2024-09-23,9,LURE,2083,1
347,3,3,347_3_2024-09-23,10,NORMAL,3201,1
347,3,3,347_3_2024-09-23,11,LURE,1785,1
347,3,3,347_3_2024-09-23,12,LURE,3269,1
347,3,3,347_3_2024-09-23,13,NORMAL,2817,1
347,3,3,347_3_2024-09-23,14,NORMAL,7786,1
347,3,3,347_3_2024-09-23,15,NORMAL,4652,1
347,3,3,347_3_2024-09-23,16,LURE,1651,1
347,3,3,347_3_2024-09-23,17,NORMAL,1349,1
347,3,3,347_3_2024-09-23,18,LURE,4105,1
348,1,1,348_1_2024-10-01,1,NORMAL,1867,1
348,1,1,348_1_2024-10-01,2,NORMAL,1691,1
348,1,1,348_1_2024-10-01,3,LURE,1818,1
348,1,1,348_1_2024-10-01,4,LURE,2120,1
348,1,1,348_1_2024-10-01,5,LURE,1652,1
348,1,1,348_1_2024-10-01,6,NORMAL,2534,1
348,1,1,348_1_2024-10-01,7,NORMAL,2234,1
348,1,1,348_1_2024-10-01,8,NORMAL,2952,1
348,1,1,348_1_2024-10-01,9,LURE,1449,1
348,1,1,348_1_2024-10-01,10,LURE,2333,1
348,1,1,348_1_2024-10-01,11,LURE,1849,1
348,1,1,348_1_2024-10-01,12,NORMAL,2169,1
348,1,1,348_1_2024-10-01,13,NORMAL,1784,1
348,1,1,348_1_2024-10-01,14,LURE,2035,1
348,1,1,348_1_2024-10-01,15,NORMAL,1151,1
348,1,1,348_1_2024-10-01,16,LURE,3263,1
348,1,1,348_1_2024-10-01,17,NORMAL,3735,1
348,1,1,348_1_2024-10-01,18,LURE,1402,0
348,2,2,348_2_2024-10-01,1,LURE,1715,1
348,2,2,348_2_2024-10-01,2,NORMAL,2098,1
348,2,2,348_2_2024-10-01,3,NORMAL,1534,1
348,2,2,348_2_2024-10-01,4,LURE,2886,1
348,2,2,348_2_2024-10-01,5,NORMAL,1951,1
348,2,2,348_2_2024-10-01,6,NORMAL,1401,1
348,2,2,348_2_2024-10-01,7,LURE,3051,1
348,2,2,348_2_2024-10-01,8,LURE,2851,1
348,2,2,348_2_2024-10-01,9,LURE,2317,1
348,2,2,348_2_2024-10-01,10,NORMAL,3052,1
348,2,2,348_2_2024-10-01,11,LURE,1716,1
348,2,2,348_2_2024-10-01,12,NORMAL,1684,1
348,2,2,348_2_2024-10-01,13,NORMAL,6870,1
348,2,2,348_2_2024-10-01,14,LURE,1616,1
348,2,2,348_2_2024-10-01,15,LURE,1917,1
348,2,2,348_2_2024-10-01,16,NORMAL,1817,1
348,2,2,348_2_2024-10-01,17,LURE,1567,1
348,2,2,348_2_2024-10-01,18,NORMAL,1299,1
348,3,3,348_3_2024-10-01,1,NORMAL,1852,1
348,3,3,348_3_2024-10-01,2,LURE,2618,1
348,3,3,348_3_2024-10-01,3,NORMAL,2150,1
348,3,3,348_3_2024-10-01,4,NORMAL,3667,1
348,3,3,348_3_2024-10-01,5,NORMAL,1938,1
348,3,3,348_3_2024-10-01,6,LURE,2284,1
348,3,3,348_3_2024-10-01,7,LURE,2150,1
348,3,3,348_3_2024-10-01,8,NORMAL,2432,1
348,3,3,348_3_2024-10-01,9,NORMAL,2586,1
348,3,3,348_3_2024-10-01,10,NORMAL,2201,1
348,3,3,348_3_2024-10-01,11,LURE,1933,1
348,3,3,348_3_2024-10-01,12,NORMAL,2084,1
348,3,3,348_3_2024-10-01,13,LURE,2368,1
348,3,3,348_3_2024-10-01,14,NORMAL,1634,1
348,3,3,348_3_2024-10-01,15,LURE,1166,1
348,3,3,348_3_2024-10-01,16,LURE,1984,1
348,3,3,348_3_2024-10-01,17,LURE,1601,1
348,3,3,348_3_2024-10-01,18,LURE,2351,1
349,1,1,349_1_2024-09-24,1,NORMAL,1950,1
349,1,1,349_1_2024-09-24,2,LURE,2847,1
349,1,1,349_1_2024-09-24,3,LURE,762,1
349,1,1,349_1_2024-09-24,4,LURE,961,0
349,1,1,349_1_2024-09-24,5,NORMAL,1317,1
349,1,1,349_1_2024-09-24,6,NORMAL,1765,1
349,1,1,349_1_2024-09-24,7,NORMAL,918,1
349,1,1,349_1_2024-09-24,8,LURE,834,1
349,1,1,349_1_2024-09-24,9,LURE,1664,1
349,1,1,349_1_2024-09-24,10,LURE,751,1
349,1,1,349_1_2024-09-24,11,NORMAL,1133,1
349,1,1,349_1_2024-09-24,12,LURE,1317,1
349,1,1,349_1_2024-09-24,13,LURE,1282,1
349,1,1,349_1_2024-09-24,14,NORMAL,867,1
349,1,1,349_1_2024-09-24,15,NORMAL,1152,1
349,1,1,349_1_2024-09-24,16,LURE,916,1
349,1,1,349_1_2024-09-24,17,NORMAL,1099,1
349,1,1,349_1_2024-09-24,18,NORMAL,1015,1
349,2,2,349_2_2024-09-24,1,NORMAL,3090,1
349,2,2,349_2_2024-09-24,2,NORMAL,1198,1
349,2,2,349_2_2024-09-24,3,LURE,1036,0
349,2,2,349_2_2024-09-24,4,NORMAL,1682,1
349,2,2,349_2_2024-09-24,5,NORMAL,999,1
349,2,2,349_2_2024-09-24,6,LURE,1284,1
349,2,2,349_2_2024-09-24,7,LURE,583,1
349,2,2,349_2_2024-09-24,8,NORMAL,1000,1
349,2,2,349_2_2024-09-24,9,LURE,818,0
349,2,2,349_2_2024-09-24,10,NORMAL,934,1
349,2,2,349_2_2024-09-24,11,LURE,1383,1
349,2,2,349_2_2024-09-24,12,LURE,517,0
349,2,2,349_2_2024-09-24,13,LURE,2334,1
349,2,2,349_2_2024-09-24,14,NORMAL,983,1
349,2,2,349_2_2024-09-24,15,LURE,667,0
349,2,2,349_2_2024-09-24,16,LURE,1086,1
349,2,2,349_2_2024-09-24,17,NORMAL,1452,1
349,2,2,349_2_2024-09-24,18,NORMAL,732,1
349,3,3,349_3_2024-09-24,1,NORMAL,4793,1
349,3,3,349_3_2024-09-24,2,LURE,1300,1
349,3,3,349_3_2024-09-24,3,LURE,2753,1
349,3,3,349_3_2024-09-24,4,NORMAL,1619,1
349,3,3,349_3_2024-09-24,5,NORMAL,2434,1
349,3,3,349_3_2024-09-24,6,NORMAL,4751,1
349,3,3,349_3_2024-09-24,7,LURE,2384,1
349,3,3,349_3_2024-09-24,8,LURE,1919,1
349,3,3,349_3_2024-09-24,9,NORMAL,2384,1
349,3,3,349_3_2024-09-24,10,NORMAL,1950,1
349,3,3,349_3_2024-09-24,11,LURE,2767,1
349,3,3,349_3_2024-09-24,12,LURE,1583,1
349,3,3,349_3_2024-09-24,13,NORMAL,1835,1
349,3,3,349_3_2024-09-24,14,LURE,3435,0
349,3,3,349_3_2024-09-24,15,LURE,1834,1
349,3,3,349_3_2024-09-24,16,LURE,1917,1
349,3,3,349_3_2024-09-24,17,NORMAL,2421,1
349,3,3,349_3_2024-09-24,18,NORMAL,1734,1
351,2,1,351_2_2024-09-26,1,LURE,1796,1
351,2,1,351_2_2024-09-26,2,LURE,2234,1
351,2,1,351_2_2024-09-26,3,NORMAL,2409,1
351,2,1,351_2_2024-09-26,4,LURE,2701,1
351,2,1,351_2_2024-09-26,5,LURE,2116,1
351,2,1,351_2_2024-09-26,6,LURE,2067,1
351,2,1,351_2_2024-09-26,7,NORMAL,4949,1
351,2,1,351_2_2024-09-26,8,LURE,2334,1
351,2,1,351_2_2024-09-26,9,LURE,3434,1
351,2,1,351_2_2024-09-26,10,NORMAL,3102,1
351,2,1,351_2_2024-09-26,11,NORMAL,2717,1
351,2,1,351_2_2024-09-26,12,NORMAL,2301,1
351,2,1,351_2_2024-09-26,13,NORMAL,2367,1
351,2,1,351_2_2024-09-26,14,NORMAL,3234,1
351,2,1,351_2_2024-09-26,15,NORMAL,2301,1
351,2,1,351_2_2024-09-26,16,NORMAL,4786,1
351,2,1,351_2_2024-09-26,17,LURE,2252,0
351,2,1,351_2_2024-09-26,18,LURE,3183,1
351,3,2,351_3_2024-09-26,1,LURE,5252,1
351,3,2,351_3_2024-09-26,2,LURE,2934,1
351,3,2,351_3_2024-09-26,3,LURE,2335,1
351,3,2,351_3_2024-09-26,4,NORMAL,1767,1
351,3,2,351_3_2024-09-26,5,LURE,2368,1
351,3,2,351_3_2024-09-26,6,LURE,2350,1
351,3,2,351_3_2024-09-26,7,LURE,1968,1
351,3,2,351_3_2024-09-26,8,NORMAL,1951,1
351,3,2,351_3_2024-09-26,9,NORMAL,4053,1
351,3,2,351_3_2024-09-26,10,NORMAL,2537,1
351,3,2,351_3_2024-09-26,11,LURE,1393,1
351,3,2,351_3_2024-09-26,12,NORMAL,2151,1
351,3,2,351_3_2024-09-26,13,LURE,1700,1
351,3,2,351_3_2024-09-26,14,LURE,4201,1
351,3,2,351_3_2024-09-26,15,NORMAL,8903,1
351,3,2,351_3_2024-09-26,16,NORMAL,3601,1
351,3,2,351_3_2024-09-26,17,NORMAL,3468,1
351,3,2,351_3_2024-09-26,18,NORMAL,2616,1
351,4,3,351_4_2024-09-26,1,LURE,3794,1
351,4,3,351_4_2024-09-26,2,NORMAL,1885,1
351,4,3,351_4_2024-09-26,3,NORMAL,1250,1
351,4,3,351_4_2024-09-26,4,LURE,2634,1
351,4,3,351_4_2024-09-26,5,NORMAL,2370,1
351,4,3,351_4_2024-09-26,6,LURE,1601,1
351,4,3,351_4_2024-09-26,7,NORMAL,3033,1
351,4,3,351_4_2024-09-26,8,NORMAL,3733,1
351,4,3,351_4_2024-09-26,9,NORMAL,3350,1
351,4,3,351_4_2024-09-26,10,LURE,2415,1
351,4,3,351_4_2024-09-26,11,NORMAL,3550,1
351,4,3,351_4_2024-09-26,12,LURE,3583,1
351,4,3,351_4_2024-09-26,13,NORMAL,4535,1
351,4,3,351_4_2024-09-26,14,LURE,1983,1
351,4,3,351_4_2024-09-26,15,NORMAL,2351,1
351,4,3,351_4_2024-09-26,16,LURE,2315,1
351,4,3,351_4_2024-09-26,17,LURE,2684,1
351,4,3,351_4_2024-09-26,18,LURE,2917,1
352,1,1,352_1_2024-11-21,1,NORMAL,2742,1
352,1,1,352_1_2024-11-21,2,LURE,2287,1
352,1,1,352_1_2024-11-21,3,LURE,2873,1
352,1,1,352_1_2024-11-21,4,LURE,2796,1
352,1,1,352_1_2024-11-21,5,NORMAL,2881,1
352,1,1,352_1_2024-11-21,6,NORMAL,2966,1
352,1,1,352_1_2024-11-21,7,LURE,2134,1
352,1,1,352_1_2024-11-21,8,LURE,2901,1
352,1,1,352_1_2024-11-21,9,NORMAL,2534,1
352,1,1,352_1_2024-11-21,10,LURE,2616,1
352,1,1,352_1_2024-11-21,11,LURE,2411,1
352,1,1,352_1_2024-11-21,12,NORMAL,1382,1
352,1,1,352_1_2024-11-21,13,NORMAL,2617,1
352,1,1,352_1_2024-11-21,14,NORMAL,1968,1
352,1,1,352_1_2024-11-21,15,LURE,2847,1
352,1,1,352_1_2024-11-21,16,NORMAL,1401,1
352,1,1,352_1_2024-11-21,17,LURE,3915,1
352,1,1,352_1_2024-11-21,18,NORMAL,1552,1
352,2,2,352_2_2024-11-21,1,NORMAL,1703,1
352,2,2,352_2_2024-11-21,2,NORMAL,2501,1
352,2,2,352_2_2024-11-21,3,LURE,1517,1
352,2,2,352_2_2024-11-21,4,LURE,2618,1
352,2,2,352_2_2024-11-21,5,NORMAL,2485,1
352,2,2,352_2_2024-11-21,6,NORMAL,1833,1
352,2,2,352_2_2024-11-21,7,LURE,1968,1
352,2,2,352_2_2024-11-21,8,LURE,1966,1
352,2,2,352_2_2024-11-21,9,NORMAL,2783,1
352,2,2,352_2_2024-11-21,10,LURE,2784,1
352,2,2,352_2_2024-11-21,11,LURE,2386,1
352,2,2,352_2_2024-11-21,12,NORMAL,2916,1
352,2,2,352_2_2024-11-21,13,NORMAL,2700,1
352,2,2,352_2_2024-11-21,14,NORMAL,2086,1
352,2,2,352_2_2024-11-21,15,NORMAL,1318,1
352,2,2,352_2_2024-11-21,16,LURE,1984,1
352,2,2,352_2_2024-11-21,17,LURE,1802,1
352,2,2,352_2_2024-11-21,18,LURE,1437,1
352,3,3,352_3_2024-11-21,1,LURE,1670,1
352,3,3,352_3_2024-11-21,2,LURE,2934,1
352,3,3,352_3_2024-11-21,3,NORMAL,2468,1
352,3,3,352_3_2024-11-21,4,LURE,1716,1
352,3,3,352_3_2024-11-21,5,LURE,1766,1
352,3,3,352_3_2024-11-21,6,NORMAL,2718,1
352,3,3,352_3_2024-11-21,7,LURE,1724,1
352,3,3,352_3_2024-11-21,8,LURE,2625,1
352,3,3,352_3_2024-11-21,9,LURE,1649,1
352,3,3,352_3_2024-11-21,10,NORMAL,1650,1
352,3,3,352_3_2024-11-21,11,NORMAL,2386,1
352,3,3,352_3_2024-11-21,12,NORMAL,1633,1
352,3,3,352_3_2024-11-21,13,LURE,1733,1
352,3,3,352_3_2024-11-21,14,NORMAL,1549,1
352,3,3,352_3_2024-11-21,15,NORMAL,1123,1
352,3,3,352_3_2024-11-21,16,NORMAL,2322,1
352,3,3,352_3_2024-11-21,17,NORMAL,1885,1
352,3,3,352_3_2024-11-21,18,LURE,1934,1
353,2,1,353_2_2024-10-21,1,NORMAL,7437,1
353,2,1,353_2_2024-10-21,2,NORMAL,1722,1
353,2,1,353_2_2024-10-21,3,LURE,1872,0
353,2,1,353_2_2024-10-21,4,NORMAL,1650,1
353,2,1,353_2_2024-10-21,5,LURE,1768,1
353,2,1,353_2_2024-10-21,6,NORMAL,6363,1
353,2,1,353_2_2024-10-21,7,LURE,3450,1
353,2,1,353_2_2024-10-21,8,LURE,5318,1
353,2,1,353_2_2024-10-21,9,NORMAL,4349,1
353,2,1,353_2_2024-10-21,10,NORMAL,4052,1
353,2,1,353_2_2024-10-21,11,NORMAL,3116,1
353,2,1,353_2_2024-10-21,12,NORMAL,2721,1
353,2,1,353_2_2024-10-21,13,NORMAL,3900,1
353,2,1,353_2_2024-10-21,14,LURE,6551,1
353,2,1,353_2_2024-10-21,15,LURE,3834,1
353,2,1,353_2_2024-10-21,16,LURE,3702,1
353,2,1,353_2_2024-10-21,17,LURE,3161,1
353,2,1,353_2_2024-10-21,18,LURE,2238,1
353,3,2,353_3_2024-10-21,1,NORMAL,4386,1
353,3,2,353_3_2024-10-21,2,LURE,4549,1
353,3,2,353_3_2024-10-21,3,LURE,6919,1
353,3,2,353_3_2024-10-21,4,LURE,6268,1
353,3,2,353_3_2024-10-21,5,NORMAL,3969,1
353,3,2,353_3_2024-10-21,6,LURE,3970,1
353,3,2,353_3_2024-10-21,7,LURE,4253,1
353,3,2,353_3_2024-10-21,8,LURE,3435,1
353,3,2,353_3_2024-10-21,9,NORMAL,7668,1
353,3,2,353_3_2024-10-21,10,NORMAL,4002,1
353,3,2,353_3_2024-10-21,11,NORMAL,8253,1
353,3,2,353_3_2024-10-21,12,LURE,7137,1
353,3,2,353_3_2024-10-21,13,NORMAL,4434,1
353,3,2,353_3_2024-10-21,14,LURE,5302,1
353,3,2,353_3_2024-10-21,15,NORMAL,3851,1
353,3,2,353_3_2024-10-21,16,LURE,2750,1
353,3,2,353_3_2024-10-21,17,NORMAL,2267,1
353,3,2,353_3_2024-10-21,18,NORMAL,2499,1
353,4,3,353_4_2024-10-21,1,LURE,6518,1
353,4,3,353_4_2024-10-21,2,NORMAL,2618,1
353,4,3,353_4_2024-10-21,3,LURE,2583,1
353,4,3,353_4_2024-10-21,4,NORMAL,1733,1
353,4,3,353_4_2024-10-21,5,LURE,2001,1
353,4,3,353_4_2024-10-21,6,NORMAL,2369,1
353,4,3,353_4_2024-10-21,7,NORMAL,2534,1
353,4,3,353_4_2024-10-21,8,NORMAL,1318,1
353,4,3,353_4_2024-10-21,9,LURE,3001,1
353,4,3,353_4_2024-10-21,10,LURE,1317,1
353,4,3,353_4_2024-10-21,11,LURE,1733,1
353,4,3,353_4_2024-10-21,12,NORMAL,2218,1
353,4,3,353_4_2024-10-21,13,NORMAL,2169,1
353,4,3,353_4_2024-10-21,14,NORMAL,2466,1
353,4,3,353_4_2024-10-21,15,NORMAL,9852,1
353,4,3,353_4_2024-10-21,16,LURE,3384,1
353,4,3,353_4_2024-10-21,17,LURE,3618,1
353,4,3,353_4_2024-10-21,18,LURE,4601,1
354,1,1,354_1_2024-10-29,1,NORMAL,2467,1
354,1,1,354_1_2024-10-29,2,LURE,4186,1
354,1,1,354_1_2024-10-29,3,NORMAL,4024,1
354,1,1,354_1_2024-10-29,4,NORMAL,3282,1
354,1,1,354_1_2024-10-29,5,LURE,2615,1
354,1,1,354_1_2024-10-29,6,LURE,3802,1
354,1,1,354_1_2024-10-29,7,LURE,4572,1
354,1,1,354_1_2024-10-29,8,NORMAL,3400,1
354,1,1,354_1_2024-10-29,9,NORMAL,3217,1
354,1,1,354_1_2024-10-29,10,NORMAL,4501,1
354,1,1,354_1_2024-10-29,11,LURE,3701,1
354,1,1,354_1_2024-10-29,12,NORMAL,2468,1
354,1,1,354_1_2024-10-29,13,NORMAL,3734,1
354,1,1,354_1_2024-10-29,14,NORMAL,4085,1
354,1,1,354_1_2024-10-29,15,LURE,4831,1
354,1,1,354_1_2024-10-29,16,LURE,2499,1
354,1,1,354_1_2024-10-29,17,LURE,3352,1
354,1,1,354_1_2024-10-29,18,LURE,2665,1
354,2,2,354_2_2024-10-29,1,NORMAL,2822,1
354,2,2,354_2_2024-10-29,2,LURE,1953,1
354,2,2,354_2_2024-10-29,3,NORMAL,1984,1
354,2,2,354_2_2024-10-29,4,NORMAL,1701,1
354,2,2,354_2_2024-10-29,5,NORMAL,2368,1
354,2,2,354_2_2024-10-29,6,NORMAL,3050,1
354,2,2,354_2_2024-10-29,7,LURE,1966,1
354,2,2,354_2_2024-10-29,8,LURE,3487,1
354,2,2,354_2_2024-10-29,9,LURE,5684,1
354,2,2,354_2_2024-10-29,10,LURE,3850,1
354,2,2,354_2_2024-10-29,11,NORMAL,3369,1
354,2,2,354_2_2024-10-29,12,LURE,3467,1
354,2,2,354_2_2024-10-29,13,NORMAL,3218,1
354,2,2,354_2_2024-10-29,14,LURE,4836,1
354,2,2,354_2_2024-10-29,15,LURE,3185,1
354,2,2,354_2_2024-10-29,16,NORMAL,3068,1
354,2,2,354_2_2024-10-29,17,LURE,4568,1
354,2,2,354_2_2024-10-29,18,NORMAL,1519,1
354,3,3,354_3_2024-10-29,1,NORMAL,2958,1
354,3,3,354_3_2024-10-29,2,NORMAL,3019,1
354,3,3,354_3_2024-10-29,3,NORMAL,3536,1
354,3,3,354_3_2024-10-29,4,LURE,3867,1
354,3,3,354_3_2024-10-29,5,NORMAL,3468,1
354,3,3,354_3_2024-10-29,6,NORMAL,2148,1
354,3,3,354_3_2024-10-29,7,LURE,1750,1
354,3,3,354_3_2024-10-29,8,LURE,1983,1
354,3,3,354_3_2024-10-29,9,LURE,3950,1
354,3,3,354_3_2024-10-29,10,LURE,3818,1
354,3,3,354_3_2024-10-29,11,NORMAL,4285,1
354,3,3,354_3_2024-10-29,12,LURE,3635,1
354,3,3,354_3_2024-10-29,13,LURE,2967,1
354,3,3,354_3_2024-10-29,14,LURE,3167,1
354,3,3,354_3_2024-10-29,15,NORMAL,3418,1
354,3,3,354_3_2024-10-29,16,LURE,3968,1
354,3,3,354_3_2024-10-29,17,NORMAL,2733,1
354,3,3,354_3_2024-10-29,18,NORMAL,4104,1
355,1,1,355_1_2024-11-07,1,LURE,1587,1
355,1,1,355_1_2024-11-07,2,NORMAL,2865,1
355,1,1,355_1_2024-11-07,3,LURE,2133,1
355,1,1,355_1_2024-11-07,4,NORMAL,2365,1
355,1,1,355_1_2024-11-07,5,NORMAL,3785,1
355,1,1,355_1_2024-11-07,6,NORMAL,1266,1
355,1,1,355_1_2024-11-07,7,LURE,1400,1
355,1,1,355_1_2024-11-07,8,NORMAL,2368,1
355,1,1,355_1_2024-11-07,9,NORMAL,1217,1
355,1,1,355_1_2024-11-07,10,LURE,2183,1
355,1,1,355_1_2024-11-07,11,LURE,1983,1
355,1,1,355_1_2024-11-07,12,NORMAL,2184,1
355,1,1,355_1_2024-11-07,13,LURE,3435,1
355,1,1,355_1_2024-11-07,14,LURE,2301,1
355,1,1,355_1_2024-11-07,15,LURE,2052,1
355,1,1,355_1_2024-11-07,16,LURE,1700,0
355,1,1,355_1_2024-11-07,17,NORMAL,2884,1
355,1,1,355_1_2024-11-07,18,NORMAL,1435,1
355,2,2,355_2_2024-11-07,1,LURE,3118,1
355,2,2,355_2_2024-11-07,2,NORMAL,3150,1
355,2,2,355_2_2024-11-07,3,NORMAL,1249,1
355,2,2,355_2_2024-11-07,4,NORMAL,1083,1
355,2,2,355_2_2024-11-07,5,NORMAL,1884,1
355,2,2,355_2_2024-11-07,6,NORMAL,2833,1
355,2,2,355_2_2024-11-07,7,LURE,3202,0
355,2,2,355_2_2024-11-07,8,LURE,3668,1
355,2,2,355_2_2024-11-07,9,NORMAL,1621,1
355,2,2,355_2_2024-11-07,10,LURE,3036,1
355,2,2,355_2_2024-11-07,11,LURE,1520,1
355,2,2,355_2_2024-11-07,12,NORMAL,3782,1
355,2,2,355_2_2024-11-07,13,LURE,1968,1
355,2,2,355_2_2024-11-07,14,LURE,2931,1
355,2,2,355_2_2024-11-07,15,NORMAL,3169,1
355,2,2,355_2_2024-11-07,16,NORMAL,2551,1
355,2,2,355_2_2024-11-07,17,LURE,3268,1
355,2,2,355_2_2024-11-07,18,LURE,3985,1
355,3,3,355_3_2024-11-07,1,NORMAL,3919,1
355,3,3,355_3_2024-11-07,2,LURE,1702,1
355,3,3,355_3_2024-11-07,3,LURE,3035,1
355,3,3,355_3_2024-11-07,4,NORMAL,3419,1
355,3,3,355_3_2024-11-07,5,NORMAL,2568,1
355,3,3,355_3_2024-11-07,6,LURE,2917,1
355,3,3,355_3_2024-11-07,7,NORMAL,1984,1
355,3,3,355_3_2024-11-07,8,NORMAL,1082,1
355,3,3,355_3_2024-11-07,9,NORMAL,1570,1
355,3,3,355_3_2024-11-07,10,LURE,3884,1
355,3,3,355_3_2024-11-07,11,NORMAL,2767,1
355,3,3,355_3_2024-11-07,12,LURE,2036,0
355,3,3,355_3_2024-11-07,13,LURE,2250,1
355,3,3,355_3_2024-11-07,14,LURE,1034,1
355,3,3,355_3_2024-11-07,15,NORMAL,2134,1
355,3,3,355_3_2024-11-07,16,LURE,2668,1
355,3,3,355_3_2024-11-07,17,LURE,1918,1
355,3,3,355_3_2024-11-07,18,NORMAL,2216,1
356,1,1,356_1_2024-11-26,1,LURE,3151,1
356,1,1,356_1_2024-11-26,2,LURE,2843,1
356,1,1,356_1_2024-11-26,3,LURE,2209,1
356,1,1,356_1_2024-11-26,4,LURE,2700,1
356,1,1,356_1_2024-11-26,5,NORMAL,2749,1
356,1,1,356_1_2024-11-26,6,LURE,1650,1
356,1,1,356_1_2024-11-26,7,NORMAL,1349,1
356,1,1,356_1_2024-11-26,8,NORMAL,1750,1
356,1,1,356_1_2024-11-26,9,LURE,2236,1
356,1,1,356_1_2024-11-26,10,NORMAL,1699,1
356,1,1,356_1_2024-11-26,11,LURE,2800,1
356,1,1,356_1_2024-11-26,12,NORMAL,1484,1
356,1,1,356_1_2024-11-26,13,NORMAL,3016,1
356,1,1,356_1_2024-11-26,14,NORMAL,2017,1
356,1,1,356_1_2024-11-26,15,LURE,1346,1
356,1,1,356_1_2024-11-26,16,NORMAL,1235,1
356,1,1,356_1_2024-11-26,17,LURE,2983,1
356,1,1,356_1_2024-11-26,18,NORMAL,1634,1
356,2,2,356_2_2024-11-26,1,NORMAL,2351,1
356,2,2,356_2_2024-11-26,2,NORMAL,2017,1
356,2,2,356_2_2024-11-26,3,LURE,2317,1
356,2,2,356_2_2024-11-26,4,NORMAL,1834,1
356,2,2,356_2_2024-11-26,5,LURE,2350,1
356,2,2,356_2_2024-11-26,6,NORMAL,1501,1
356,2,2,356_2_2024-11-26,7,LURE,2434,1
356,2,2,356_2_2024-11-26,8,LURE,1851,1
356,2,2,356_2_2024-11-26,9,LURE,3600,1
356,2,2,356_2_2024-11-26,10,NORMAL,1834,1
356,2,2,356_2_2024-11-26,11,NORMAL,1851,1
356,2,2,356_2_2024-11-26,12,NORMAL,2619,1
356,2,2,356_2_2024-11-26,13,NORMAL,1484,1
356,2,2,356_2_2024-11-26,14,LURE,2695,1
356,2,2,356_2_2024-11-26,15,LURE,2420,1
356,2,2,356_2_2024-11-26,16,LURE,2184,1
356,2,2,356_2_2024-11-26,17,NORMAL,1933,1
356,2,2,356_2_2024-11-26,18,LURE,1385,1
356,3,3,356_3_2024-11-26,1,LURE,1639,1
356,3,3,356_3_2024-11-26,2,LURE,2250,1
356,3,3,356_3_2024-11-26,3,NORMAL,1751,1
356,3,3,356_3_2024-11-26,4,LURE,2899,1
356,3,3,356_3_2024-11-26,5,NORMAL,1784,1
356,3,3,356_3_2024-11-26,6,NORMAL,1667,1
356,3,3,356_3_2024-11-26,7,LURE,1398,1
356,3,3,356_3_2024-11-26,8,LURE,2434,1
356,3,3,356_3_2024-11-26,9,NORMAL,1735,1
356,3,3,356_3_2024-11-26,10,LURE,1799,1
356,3,3,356_3_2024-11-26,11,NORMAL,2794,1
356,3,3,356_3_2024-11-26,12,NORMAL,2051,1
356,3,3,356_3_2024-11-26,13,NORMAL,1484,1
356,3,3,356_3_2024-11-26,14,NORMAL,2619,1
356,3,3,356_3_2024-11-26,15,LURE,1483,1
356,3,3,356_3_2024-11-26,16,LURE,1517,1
356,3,3,356_3_2024-11-26,17,LURE,2183,1
356,3,3,356_3_2024-11-26,18,NORMAL,2300,1
357,1,1,357_1_2024-12-04,1,NORMAL,1016,1
357,1,1,357_1_2024-12-04,2,LURE,1908,1
357,1,1,357_1_2024-12-04,3,NORMAL,1367,1
357,1,1,357_1_2024-12-04,4,LURE,1501,1
357,1,1,357_1_2024-12-04,5,LURE,2645,1
357,1,1,357_1_2024-12-04,6,LURE,1718,1
357,1,1,357_1_2024-12-04,7,NORMAL,1340,1
357,1,1,357_1_2024-12-04,8,LURE,2724,1
357,1,1,357_1_2024-12-04,9,NORMAL,2035,1
357,1,1,357_1_2024-12-04,10,NORMAL,1550,1
357,1,1,357_1_2024-12-04,11,NORMAL,2852,1
357,1,1,357_1_2024-12-04,12,LURE,3022,1
357,1,1,357_1_2024-12-04,13,LURE,2084,1
357,1,1,357_1_2024-12-04,14,LURE,2800,1
357,1,1,357_1_2024-12-04,15,NORMAL,1917,1
357,1,1,357_1_2024-12-04,16,NORMAL,2767,1
357,1,1,357_1_2024-12-04,17,LURE,2736,1
357,1,1,357_1_2024-12-04,18,NORMAL,1748,1
357,2,2,357_2_2024-12-04,1,LURE,2752,1
357,2,2,357_2_2024-12-04,2,NORMAL,2720,1
357,2,2,357_2_2024-12-04,3,NORMAL,1417,1
357,2,2,357_2_2024-12-04,4,NORMAL,4034,1
357,2,2,357_2_2024-12-04,5,LURE,2101,1
357,2,2,357_2_2024-12-04,6,NORMAL,2383,1
357,2,2,357_2_2024-12-04,7,NORMAL,2631,1
357,2,2,357_2_2024-12-04,8,LURE,2853,1
357,2,2,357_2_2024-12-04,9,LURE,3251,1
357,2,2,357_2_2024-12-04,10,LURE,2717,1
357,2,2,357_2_2024-12-04,11,NORMAL,2955,1
357,2,2,357_2_2024-12-04,12,NORMAL,4435,1
357,2,2,357_2_2024-12-04,13,LURE,2584,1
357,2,2,357_2_2024-12-04,14,NORMAL,3350,1
357,2,2,357_2_2024-12-04,15,LURE,2984,1
357,2,2,357_2_2024-12-04,16,LURE,1383,1
357,2,2,357_2_2024-12-04,17,LURE,2483,1
357,2,2,357_2_2024-12-04,18,NORMAL,4887,1
357,3,3,357_3_2024-12-04,1,LURE,1840,1
357,3,3,357_3_2024-12-04,2,NORMAL,2016,1
357,3,3,357_3_2024-12-04,3,NORMAL,1284,1
357,3,3,357_3_2024-12-04,4,LURE,3051,1
357,3,3,357_3_2024-12-04,5,NORMAL,1821,1
357,3,3,357_3_2024-12-04,6,NORMAL,2399,1
357,3,3,357_3_2024-12-04,7,NORMAL,3002,1
357,3,3,357_3_2024-12-04,8,LURE,1818,1
357,3,3,357_3_2024-12-04,9,LURE,1716,1
357,3,3,357_3_2024-12-04,10,NORMAL,1319,1
357,3,3,357_3_2024-12-04,11,NORMAL,1585,1
357,3,3,357_3_2024-12-04,12,NORMAL,3667,1
357,3,3,357_3_2024-12-04,13,LURE,1300,1
357,3,3,357_3_2024-12-04,14,LURE,2350,1
357,3,3,357_3_2024-12-04,15,LURE,2533,1
357,3,3,357_3_2024-12-04,16,LURE,1887,1
357,3,3,357_3_2024-12-04,17,LURE,2568,1
357,3,3,357_3_2024-12-04,18,NORMAL,1700,1
358,1,1,358_1_2024-12-09,1,NORMAL,2574,1
358,1,1,358_1_2024-12-09,2,LURE,2674,1
358,1,1,358_1_2024-12-09,3,NORMAL,1419,1
358,1,1,358_1_2024-12-09,4,LURE,1879,1
358,1,1,358_1_2024-12-09,5,LURE,2347,1
358,1,1,358_1_2024-12-09,6,LURE,1308,1
358,1,1,358_1_2024-12-09,7,NORMAL,2520,1
358,1,1,358_1_2024-12-09,8,NORMAL,1762,1
358,1,1,358_1_2024-12-09,9,LURE,2133,1
358,1,1,358_1_2024-12-09,10,NORMAL,1683,1
358,1,1,358_1_2024-12-09,11,LURE,1233,1
358,1,1,358_1_2024-12-09,12,NORMAL,1700,1
358,1,1,358_1_2024-12-09,13,LURE,2037,1
358,1,1,358_1_2024-12-09,14,NORMAL,1267,1
358,1,1,358_1_2024-12-09,15,NORMAL,1949,1
358,1,1,358_1_2024-12-09,16,LURE,1749,1
358,1,1,358_1_2024-12-09,17,NORMAL,1750,1
358,1,1,358_1_2024-12-09,18,LURE,3231,1
358,2,2,358_2_2024-12-09,1,LURE,1337,1
358,2,2,358_2_2024-12-09,2,LURE,1234,1
358,2,2,358_2_2024-12-09,3,LURE,1267,1
358,2,2,358_2_2024-12-09,4,NORMAL,1701,1
358,2,2,358_2_2024-12-09,5,NORMAL,1354,1
358,2,2,358_2_2024-12-09,6,NORMAL,1642,1
358,2,2,358_2_2024-12-09,7,LURE,1355,1
358,2,2,358_2_2024-12-09,8,LURE,2483,1
358,2,2,358_2_2024-12-09,9,LURE,1182,1
358,2,2,358_2_2024-12-09,10,NORMAL,1069,1
358,2,2,358_2_2024-12-09,11,NORMAL,1598,1
358,2,2,358_2_2024-12-09,12,NORMAL,2623,1
358,2,2,358_2_2024-12-09,13,LURE,3635,1
358,2,2,358_2_2024-12-09,14,NORMAL,1703,1
358,2,2,358_2_2024-12-09,15,LURE,3435,1
358,2,2,358_2_2024-12-09,16,NORMAL,2400,1
358,2,2,358_2_2024-12-09,17,NORMAL,1685,1
358,2,2,358_2_2024-12-09,18,LURE,1250,1
358,3,3,358_3_2024-12-09,1,NORMAL,1167,1
358,3,3,358_3_2024-12-09,2,NORMAL,1181,1
358,3,3,358_3_2024-12-09,3,LURE,1620,1
358,3,3,358_3_2024-12-09,4,NORMAL,1569,1
358,3,3,358_3_2024-12-09,5,LURE,2817,1
358,3,3,358_3_2024-12-09,6,NORMAL,2436,1
358,3,3,358_3_2024-12-09,7,NORMAL,1133,1
358,3,3,358_3_2024-12-09,8,LURE,1551,1
358,3,3,358_3_2024-12-09,9,NORMAL,2133,1
358,3,3,358_3_2024-12-09,10,NORMAL,1751,1
358,3,3,358_3_2024-12-09,11,LURE,2584,1
358,3,3,358_3_2024-12-09,12,LURE,1251,1
358,3,3,358_3_2024-12-09,13,LURE,1284,1
358,3,3,358_3_2024-12-09,14,LURE,1535,1
358,3,3,358_3_2024-12-09,15,LURE,1950,1
358,3,3,358_3_2024-12-09,16,LURE,1217,1
358,3,3,358_3_2024-12-09,17,NORMAL,3203,1
358,3,3,358_3_2024-12-09,18,NORMAL,1035,1
359,1,1,359_1_2024-12-12,1,LURE,1835,1
359,1,1,359_1_2024-12-12,2,NORMAL,1269,1
359,1,1,359_1_2024-12-12,3,LURE,9236,1
359,1,1,359_1_2024-12-12,4,LURE,1799,1
359,1,1,359_1_2024-12-12,5,LURE,3351,1
359,1,1,359_1_2024-12-12,6,LURE,1549,1
359,1,1,359_1_2024-12-12,7,NORMAL,1317,1
359,1,1,359_1_2024-12-12,8,NORMAL,2435,1
359,1,1,359_1_2024-12-12,9,NORMAL,2733,1
359,1,1,359_1_2024-12-12,10,NORMAL,3500,1
359,1,1,359_1_2024-12-12,11,LURE,2065,1
359,1,1,359_1_2024-12-12,12,NORMAL,1200,1
359,1,1,359_1_2024-12-12,13,LURE,2918,1
359,1,1,359_1_2024-12-12,14,NORMAL,1951,1
359,1,1,359_1_2024-12-12,15,LURE,1533,1
359,1,1,359_1_2024-12-12,16,LURE,1184,1
359,1,1,359_1_2024-12-12,17,NORMAL,3402,1
359,1,1,359_1_2024-12-12,18,NORMAL,2786,1
359,2,2,359_2_2024-12-12,1,NORMAL,2284,1
359,2,2,359_2_2024-12-12,2,NORMAL,2816,1
359,2,2,359_2_2024-12-12,3,LURE,2467,1
359,2,2,359_2_2024-12-12,4,NORMAL,2471,1
359,2,2,359_2_2024-12-12,5,NORMAL,1031,1
359,2,2,359_2_2024-12-12,6,NORMAL,1384,1
359,2,2,359_2_2024-12-12,7,LURE,1071,1
359,2,2,359_2_2024-12-12,8,NORMAL,1083,1
359,2,2,359_2_2024-12-12,9,LURE,2466,1
359,2,2,359_2_2024-12-12,10,LURE,950,1
359,2,2,359_2_2024-12-12,11,LURE,1600,1
359,2,2,359_2_2024-12-12,12,LURE,1368,0
359,2,2,359_2_2024-12-12,13,LURE,3348,1
359,2,2,359_2_2024-12-12,14,NORMAL,2267,1
359,2,2,359_2_2024-12-12,15,LURE,2584,1
359,2,2,359_2_2024-12-12,16,NORMAL,2866,1
359,2,2,359_2_2024-12-12,17,NORMAL,1667,1
359,2,2,359_2_2024-12-12,18,LURE,1934,1
359,3,3,359_3_2024-12-12,1,LURE,2688,1
359,3,3,359_3_2024-12-12,2,LURE,1971,1
359,3,3,359_3_2024-12-12,3,LURE,1096,1
359,3,3,359_3_2024-12-12,4,NORMAL,1364,1
359,3,3,359_3_2024-12-12,5,LURE,2701,1
359,3,3,359_3_2024-12-12,6,NORMAL,4483,1
359,3,3,359_3_2024-12-12,7,LURE,1652,1
359,3,3,359_3_2024-12-12,8,NORMAL,1268,1
359,3,3,359_3_2024-12-12,9,NORMAL,850,1
359,3,3,359_3_2024-12-12,10,NORMAL,2686,1
359,3,3,359_3_2024-12-12,11,LURE,1115,1
359,3,3,359_3_2024-12-12,12,NORMAL,1583,1
359,3,3,359_3_2024-12-12,13,LURE,3833,1
359,3,3,359_3_2024-12-12,14,NORMAL,1084,1
359,3,3,359_3_2024-12-12,15,LURE,4218,1
359,3,3,359_3_2024-12-12,16,NORMAL,1433,1
359,3,3,359_3_2024-12-12,17,LURE,717,1
359,3,3,359_3_2024-12-12,18,NORMAL,1466,1
360,1,1,360_1_2025-01-15,1,NORMAL,3744,1
360,1,1,360_1_2025-01-15,2,LURE,2420,1
360,1,1,360_1_2025-01-15,3,LURE,4035,1
360,1,1,360_1_2025-01-15,4,NORMAL,3573,1
360,1,1,360_1_2025-01-15,5,NORMAL,1932,1
360,1,1,360_1_2025-01-15,6,NORMAL,1217,1
360,1,1,360_1_2025-01-15,7,LURE,1967,1
360,1,1,360_1_2025-01-15,8,LURE,2299,1
360,1,1,360_1_2025-01-15,9,LURE,2300,1
360,1,1,360_1_2025-01-15,10,LURE,3468,1
360,1,1,360_1_2025-01-15,11,LURE,1684,1
360,1,1,360_1_2025-01-15,12,LURE,2784,1
360,1,1,360_1_2025-01-15,13,NORMAL,1868,1
360,1,1,360_1_2025-01-15,14,LURE,3783,1
360,1,1,360_1_2025-01-15,15,NORMAL,3317,1
360,1,1,360_1_2025-01-15,16,NORMAL,1300,1
360,1,1,360_1_2025-01-15,17,NORMAL,2533,1
360,1,1,360_1_2025-01-15,18,NORMAL,2866,1
360,2,2,360_2_2025-01-15,1,LURE,2072,1
360,2,2,360_2_2025-01-15,2,LURE,2266,1
360,2,2,360_2_2025-01-15,3,NORMAL,2466,1
360,2,2,360_2_2025-01-15,4,LURE,1233,1
360,2,2,360_2_2025-01-15,5,NORMAL,2917,1
360,2,2,360_2_2025-01-15,6,LURE,1985,1
360,2,2,360_2_2025-01-15,7,LURE,1218,1
360,2,2,360_2_2025-01-15,8,NORMAL,1283,1
360,2,2,360_2_2025-01-15,9,NORMAL,2152,1
360,2,2,360_2_2025-01-15,10,LURE,1767,1
360,2,2,360_2_2025-01-15,11,LURE,1437,1
360,2,2,360_2_2025-01-15,12,LURE,3300,1
360,2,2,360_2_2025-01-15,13,NORMAL,2267,1
360,2,2,360_2_2025-01-15,14,NORMAL,1768,1
360,2,2,360_2_2025-01-15,15,NORMAL,1933,1
360,2,2,360_2_2025-01-15,16,LURE,2501,1
360,2,2,360_2_2025-01-15,17,NORMAL,1849,1
360,2,2,360_2_2025-01-15,18,NORMAL,2868,1
360,3,3,360_3_2025-01-15,1,NORMAL,3118,1
360,3,3,360_3_2025-01-15,2,NORMAL,3671,1
360,3,3,360_3_2025-01-15,3,NORMAL,1325,1
360,3,3,360_3_2025-01-15,4,NORMAL,2693,1
360,3,3,360_3_2025-01-15,5,LURE,2401,1
360,3,3,360_3_2025-01-15,6,LURE,2149,1
360,3,3,360_3_2025-01-15,7,NORMAL,1850,1
360,3,3,360_3_2025-01-15,8,LURE,1749,1
360,3,3,360_3_2025-01-15,9,NORMAL,1884,1
360,3,3,360_3_2025-01-15,10,LURE,2750,1
360,3,3,360_3_2025-01-15,11,LURE,1534,1
360,3,3,360_3_2025-01-15,12,NORMAL,1398,1
360,3,3,360_3_2025-01-15,13,LURE,2535,1
360,3,3,360_3_2025-01-15,14,NORMAL,2467,1
360,3,3,360_3_2025-01-15,15,LURE,1969,1
360,3,3,360_3_2025-01-15,16,LURE,1884,1
360,3,3,360_3_2025-01-15,17,NORMAL,1733,1
360,3,3,360_3_2025-01-15,18,LURE,5953,1
361,1,1,361_1_2025-01-31,1,NORMAL,3706,1
361,1,1,361_1_2025-01-31,2,LURE,2701,1
361,1,1,361_1_2025-01-31,3,NORMAL,1734,1
361,1,1,361_1_2025-01-31,4,NORMAL,1118,1
361,1,1,361_1_2025-01-31,5,NORMAL,1702,1
361,1,1,361_1_2025-01-31,6,LURE,2201,1
361,1,1,361_1_2025-01-31,7,NORMAL,2034,1
361,1,1,361_1_2025-01-31,8,LURE,4286,1
361,1,1,361_1_2025-01-31,9,NORMAL,4567,1
361,1,1,361_1_2025-01-31,10,NORMAL,2833,1
361,1,1,361_1_2025-01-31,11,LURE,3086,1
361,1,1,361_1_2025-01-31,12,LURE,3150,1
361,1,1,361_1_2025-01-31,13,LURE,1719,1
361,1,1,361_1_2025-01-31,14,LURE,3434,1
361,1,1,361_1_2025-01-31,15,NORMAL,4330,1
361,1,1,361_1_2025-01-31,16,LURE,5643,1
361,1,1,361_1_2025-01-31,17,NORMAL,3202,1
361,1,1,361_1_2025-01-31,18,LURE,4252,1
361,2,2,361_2_2025-01-31,1,NORMAL,2185,1
361,2,2,361_2_2025-01-31,2,NORMAL,3065,1
361,2,2,361_2_2025-01-31,3,NORMAL,2552,1
361,2,2,361_2_2025-01-31,4,NORMAL,2868,1
361,2,2,361_2_2025-01-31,5,LURE,3650,1
361,2,2,361_2_2025-01-31,6,LURE,2701,1
361,2,2,361_2_2025-01-31,7,LURE,4350,1
361,2,2,361_2_2025-01-31,8,NORMAL,4534,1
361,2,2,361_2_2025-01-31,9,LURE,2234,1
361,2,2,361_2_2025-01-31,10,NORMAL,2626,1
361,2,2,361_2_2025-01-31,11,NORMAL,4326,1
361,2,2,361_2_2025-01-31,12,LURE,5701,1
361,2,2,361_2_2025-01-31,13,LURE,1885,0
361,2,2,361_2_2025-01-31,14,LURE,2783,1
361,2,2,361_2_2025-01-31,15,LURE,4168,1
361,2,2,361_2_2025-01-31,16,LURE,3418,1
361,2,2,361_2_2025-01-31,17,NORMAL,2367,1
361,2,2,361_2_2025-01-31,18,NORMAL,2651,1
361,3,3,361_3_2025-01-31,1,NORMAL,3723,1
361,3,3,361_3_2025-01-31,2,NORMAL,2217,1
361,3,3,361_3_2025-01-31,3,NORMAL,1885,1
361,3,3,361_3_2025-01-31,4,LURE,1668,1
361,3,3,361_3_2025-01-31,5,LURE,1733,1
361,3,3,361_3_2025-01-31,6,NORMAL,1801,1
361,3,3,361_3_2025-01-31,7,LURE,3167,1
361,3,3,361_3_2025-01-31,8,LURE,2336,1
361,3,3,361_3_2025-01-31,9,LURE,2816,1
361,3,3,361_3_2025-01-31,10,NORMAL,1750,1
361,3,3,361_3_2025-01-31,11,NORMAL,2267,1
361,3,3,361_3_2025-01-31,12,LURE,3303,1
361,3,3,361_3_2025-01-31,13,LURE,2500,1
361,3,3,361_3_2025-01-31,14,LURE,2834,1
361,3,3,361_3_2025-01-31,15,LURE,1401,1
361,3,3,361_3_2025-01-31,16,NORMAL,4117,1
361,3,3,361_3_2025-01-31,17,NORMAL,2484,1
361,3,3,361_3_2025-01-31,18,NORMAL,3349,1
362,1,1,362_1_2025-01-16,1,LURE,1682,1
362,1,1,362_1_2025-01-16,2,LURE,2361,1
362,1,1,362_1_2025-01-16,3,NORMAL,2625,1
362,1,1,362_1_2025-01-16,4,NORMAL,1783,1
362,1,1,362_1_2025-01-16,5,LURE,1633,1
362,1,1,362_1_2025-01-16,6,NORMAL,1566,1
362,1,1,362_1_2025-01-16,7,NORMAL,2734,1
362,1,1,362_1_2025-01-16,8,NORMAL,3117,1
362,1,1,362_1_2025-01-16,9,LURE,4201,1
362,1,1,362_1_2025-01-16,10,LURE,2198,1
362,1,1,362_1_2025-01-16,11,NORMAL,5219,1
362,1,1,362_1_2025-01-16,12,NORMAL,2735,1
362,1,1,362_1_2025-01-16,13,NORMAL,1367,1
362,1,1,362_1_2025-01-16,14,LURE,2784,1
362,1,1,362_1_2025-01-16,15,NORMAL,2967,1
362,1,1,362_1_2025-01-16,16,LURE,2101,1
362,1,1,362_1_2025-01-16,17,LURE,1249,1
362,1,1,362_1_2025-01-16,18,LURE,2651,1
362,2,2,362_2_2025-01-16,1,LURE,2167,1
362,2,2,362_2_2025-01-16,2,LURE,3641,1
362,2,2,362_2_2025-01-16,3,NORMAL,1952,1
362,2,2,362_2_2025-01-16,4,LURE,2972,1
362,2,2,362_2_2025-01-16,5,NORMAL,2678,1
362,2,2,362_2_2025-01-16,6,LURE,3233,1
362,2,2,362_2_2025-01-16,7,NORMAL,2117,1
362,2,2,362_2_2025-01-16,8,NORMAL,2949,1
362,2,2,362_2_2025-01-16,9,NORMAL,3235,1
362,2,2,362_2_2025-01-16,10,NORMAL,4302,1
362,2,2,362_2_2025-01-16,11,NORMAL,3267,1
362,2,2,362_2_2025-01-16,12,LURE,2333,1
362,2,2,362_2_2025-01-16,13,LURE,1667,1
362,2,2,362_2_2025-01-16,14,NORMAL,2270,1
362,2,2,362_2_2025-01-16,15,NORMAL,1717,1
362,2,2,362_2_2025-01-16,16,LURE,2933,1
362,2,2,362_2_2025-01-16,17,LURE,3165,0
362,2,2,362_2_2025-01-16,18,LURE,2050,1
362,3,3,362_3_2025-01-16,1,LURE,1602,1
362,3,3,362_3_2025-01-16,2,LURE,2616,1
362,3,3,362_3_2025-01-16,3,LURE,3236,1
362,3,3,362_3_2025-01-16,4,NORMAL,2186,1
362,3,3,362_3_2025-01-16,5,NORMAL,3066,1
362,3,3,362_3_2025-01-16,6,NORMAL,1616,1
362,3,3,362_3_2025-01-16,7,NORMAL,1600,1
362,3,3,362_3_2025-01-16,8,NORMAL,1782,1
362,3,3,362_3_2025-01-16,9,NORMAL,3050,1
362,3,3,362_3_2025-01-16,10,NORMAL,1266,1
362,3,3,362_3_2025-01-16,11,LURE,3117,1
362,3,3,362_3_2025-01-16,12,LURE,2717,1
362,3,3,362_3_2025-01-16,13,LURE,2453,1
362,3,3,362_3_2025-01-16,14,NORMAL,1833,1
362,3,3,362_3_2025-01-16,15,LURE,3084,1
362,3,3,362_3_2025-01-16,16,LURE,3485,1
362,3,3,362_3_2025-01-16,17,LURE,4319,1
362,3,3,362_3_2025-01-16,18,NORMAL,2328,1
